,mean_fit_time,std_fit_time,mean_score_time,std_score_time,param_learning_rate,param_max_depth,param_min_child_weight,param_subsample,params,split0_test_score,split1_test_score,split2_test_score,split3_test_score,split4_test_score,mean_test_score,std_test_score,rank_test_score
0,20.227486181259156,1.7924200078693275,0.004661417007446289,0.0007937888078795332,0.01,2,1,1,"{'learning_rate': 0.01, 'max_depth': 2, 'min_child_weight': 1, 'subsample': 1}",0.304579709052771,0.38634429798037484,0.41266757811541743,0.3689221167889869,0.2722668828415086,0.3489561169558117,0.05235679845095812,171
1,13.58794617652893,1.729227944732584,0.003559780120849609,0.00034638113512310817,0.01,2,1,0.7,"{'learning_rate': 0.01, 'max_depth': 2, 'min_child_weight': 1, 'subsample': 0.7}",0.32790222308007333,0.3868244728106819,0.4298625738909564,0.3749887013064742,0.2699134874564024,0.3578982917089176,0.05467861350813529,115
2,8.904672813415527,1.079195074416326,0.0028104305267333983,0.0005314064938100949,0.01,2,1,0.4,"{'learning_rate': 0.01, 'max_depth': 2, 'min_child_weight': 1, 'subsample': 0.4}",0.32424112770572244,0.37271173176383354,0.42438107407939474,0.3689222992021799,0.2712692782636891,0.3523051022029639,0.05146241135853688,148
3,8.748936080932618,0.9483085538551611,0.0036497116088867188,0.0006659770030636933,0.01,2,1,0.1,"{'learning_rate': 0.01, 'max_depth': 2, 'min_child_weight': 1, 'subsample': 0.1}",0.2999063062168943,0.35981431033726585,0.41334448845688054,0.35460346553897815,0.26385527089759575,0.33830476828952294,0.051723180655064184,203
4,18.660769557952882,1.8498877343779512,0.004328489303588867,0.0005569451271667065,0.01,2,5,1,"{'learning_rate': 0.01, 'max_depth': 2, 'min_child_weight': 5, 'subsample': 1}",0.3039183552889678,0.3821785733708811,0.4107286584454001,0.3685582639338679,0.2758168973998163,0.34824014968778666,0.05035673743613368,181
5,13.535783720016479,1.2302601181049657,0.0038330078125,0.0006828211771695729,0.01,2,5,0.7,"{'learning_rate': 0.01, 'max_depth': 2, 'min_child_weight': 5, 'subsample': 0.7}",0.3277558723728321,0.3861557708962582,0.42857919395036925,0.37500443429137176,0.2741962517884977,0.3583383046598658,0.05291601659049339,113
6,9.742623233795166,2.097137063665437,0.0033521175384521483,0.0003739566463897109,0.01,2,5,0.4,"{'learning_rate': 0.01, 'max_depth': 2, 'min_child_weight': 5, 'subsample': 0.4}",0.3174719476839658,0.3735366971229829,0.43209514840701135,0.3704068907524891,0.27343249295036676,0.3533886353833632,0.05398754257803492,141
7,8.29718918800354,0.43681110964898257,0.0033093929290771485,0.000569597635656941,0.01,2,5,0.1,"{'learning_rate': 0.01, 'max_depth': 2, 'min_child_weight': 5, 'subsample': 0.1}",0.3107461250722724,0.3600717636847772,0.41985706013064905,0.3589588289987091,0.26074704205209864,0.34207616398770124,0.05339425288247742,194
8,18.797128534317018,1.4240031959658122,0.003805875778198242,0.0005658714573896412,0.01,2,10,1,"{'learning_rate': 0.01, 'max_depth': 2, 'min_child_weight': 10, 'subsample': 1}",0.30103745392952974,0.38355992775276027,0.41254429287648264,0.3707198556953192,0.275434087155223,0.34865912348186295,0.05179920128557568,173
9,13.477461624145509,1.5321110478808802,0.003697776794433594,0.000504010619103922,0.01,2,10,0.7,"{'learning_rate': 0.01, 'max_depth': 2, 'min_child_weight': 10, 'subsample': 0.7}",0.3272755121056463,0.3853602503044925,0.43169073842599637,0.37837194601088964,0.2755898320935354,0.35965765578811204,0.05350815868247827,105
10,9.809106063842773,0.7585040715990257,0.003100299835205078,0.0004778999548542409,0.01,2,10,0.4,"{'learning_rate': 0.01, 'max_depth': 2, 'min_child_weight': 10, 'subsample': 0.4}",0.32704684345520074,0.3795159493735908,0.42674613734605416,0.37903053340194504,0.27346034230334726,0.35715996117602755,0.05240758363070167,120
11,7.72736439704895,1.8390381170263548,0.003172016143798828,0.0002623914304788119,0.01,2,10,0.1,"{'learning_rate': 0.01, 'max_depth': 2, 'min_child_weight': 10, 'subsample': 0.1}",0.31842407648244553,0.3582591465264091,0.42268818774060324,0.35729164434531535,0.26849247999916304,0.34503110701878725,0.050837032743849264,191
12,21.672814416885377,6.875498672753397,0.004033565521240234,0.0008018680148628189,0.01,3,1,1,"{'learning_rate': 0.01, 'max_depth': 3, 'min_child_weight': 1, 'subsample': 1}",0.31850716324418116,0.40269382258054043,0.4328415940622835,0.3854501573064498,0.28811071007381805,0.36552068945345456,0.05387709395823879,86
13,14.497180366516114,1.797837680280692,0.0034354209899902345,0.0005095285038445688,0.01,3,1,0.7,"{'learning_rate': 0.01, 'max_depth': 3, 'min_child_weight': 1, 'subsample': 0.7}",0.34427791597961965,0.40562999129782695,0.43858611395847513,0.40161954329744876,0.29281224494693137,0.3765851618960604,0.05172252928201559,52
14,10.790237998962402,1.087040746225722,0.0034569740295410157,0.00035030028455717665,0.01,3,1,0.4,"{'learning_rate': 0.01, 'max_depth': 3, 'min_child_weight': 1, 'subsample': 0.4}",0.3330948718553597,0.404296915577114,0.4432054340500803,0.39535482074435047,0.28997932865639364,0.3731862741766596,0.05457603052174467,56
15,8.439322137832642,1.7058789368626062,0.004547119140625,0.0006041478433091784,0.01,3,1,0.1,"{'learning_rate': 0.01, 'max_depth': 3, 'min_child_weight': 1, 'subsample': 0.1}",0.318914933096637,0.3675524833778263,0.42872346345286094,0.3600930563821214,0.2748853935449289,0.35003386597087494,0.05141171638963696,163
16,22.254864406585693,5.12150363274713,0.004641056060791016,0.0012941728462294748,0.01,3,5,1,"{'learning_rate': 0.01, 'max_depth': 3, 'min_child_weight': 5, 'subsample': 1}",0.3261122798737357,0.40615371529471167,0.4261256006586319,0.382825762251803,0.28936216079537025,0.3661159037748505,0.05094082140736443,84
17,14.626959609985352,1.8020280727066733,0.0035564422607421873,0.001304392934904035,0.01,3,5,0.7,"{'learning_rate': 0.01, 'max_depth': 3, 'min_child_weight': 5, 'subsample': 0.7}",0.34405154710285335,0.40770682910242617,0.4375206291218382,0.39840097768618543,0.2953707054680531,0.3766101376962713,0.05061983812651476,51
18,11.206693506240844,1.3072788607996026,0.0033360958099365235,0.0005786004560493797,0.01,3,5,0.4,"{'learning_rate': 0.01, 'max_depth': 3, 'min_child_weight': 5, 'subsample': 0.4}",0.3326925565423444,0.40288494957251353,0.4416987172163803,0.39431929528645393,0.29286596746444615,0.3728922972164277,0.053128582662616254,57
19,7.0127277851104735,0.7632681985293449,0.0027208328247070312,0.0002917743153796835,0.01,3,5,0.1,"{'learning_rate': 0.01, 'max_depth': 3, 'min_child_weight': 5, 'subsample': 0.1}",0.3224130271587604,0.36531786670504285,0.426879572352424,0.3593682489852651,0.2763376355550117,0.3500632701513008,0.04983981293131892,162
20,18.626242923736573,4.217000397385099,0.0030622482299804688,0.0005422068967143817,0.01,3,10,1,"{'learning_rate': 0.01, 'max_depth': 3, 'min_child_weight': 10, 'subsample': 1}",0.3151520580026981,0.404364792303451,0.4189656171175916,0.3812241037542511,0.27801622388065905,0.35954455901173016,0.05408748782124859,107
21,14.576047372817992,2.7058847123604655,0.0036575794219970703,0.0007687435360760612,0.01,3,10,0.7,"{'learning_rate': 0.01, 'max_depth': 3, 'min_child_weight': 10, 'subsample': 0.7}",0.3453664619194947,0.4016727853860913,0.44911982199806666,0.399839456453822,0.29531341605117223,0.37826238836172943,0.05290948202673598,37
22,10.420465278625489,0.7296035975111921,0.0036611557006835938,0.00038491065123492176,0.01,3,10,0.4,"{'learning_rate': 0.01, 'max_depth': 3, 'min_child_weight': 10, 'subsample': 0.4}",0.33857224999284574,0.40226904813147457,0.4341455402572699,0.39890718728841534,0.2930104852497908,0.37338090218395925,0.050694188292610715,55
23,7.337292242050171,0.26723289397073796,0.003779172897338867,0.0007973484836254368,0.01,3,10,0.1,"{'learning_rate': 0.01, 'max_depth': 3, 'min_child_weight': 10, 'subsample': 0.1}",0.3191329458060802,0.37023204437297497,0.41286097947847944,0.3691626147812893,0.2799965824488292,0.3502770333775306,0.04600198676525298,160
24,26.134473896026613,5.119177036413151,0.004204273223876953,0.0005428263190854722,0.01,5,1,1,"{'learning_rate': 0.01, 'max_depth': 5, 'min_child_weight': 1, 'subsample': 1}",0.34989940044416257,0.4209754051849689,0.44208182287169817,0.4041500606551318,0.30530756168138573,0.3844828501674694,0.05000177736495534,26
25,22.92243309020996,3.8957370526056834,0.004625654220581055,0.00114882716697831,0.01,5,1,0.7,"{'learning_rate': 0.01, 'max_depth': 5, 'min_child_weight': 1, 'subsample': 0.7}",0.33870977297283156,0.4320426912754921,0.45521743239849166,0.40944898979179034,0.32065671381655936,0.391215120051033,0.05259460186327919,3
26,15.353591632843017,1.1807119432844968,0.0036968231201171876,0.00039154058704130474,0.01,5,1,0.4,"{'learning_rate': 0.01, 'max_depth': 5, 'min_child_weight': 1, 'subsample': 0.4}",0.3470531676036681,0.4205533669342171,0.4576408306770722,0.3952318122676256,0.30470744453854703,0.38503732440422594,0.053911541899641736,22
27,12.520342588424683,3.4111339848533846,0.003617525100708008,0.0009514924959900171,0.01,5,1,0.1,"{'learning_rate': 0.01, 'max_depth': 5, 'min_child_weight': 1, 'subsample': 0.1}",0.30544842926216653,0.3722787153794034,0.44155483266622186,0.36968093154847326,0.27314591226233786,0.35242176422372057,0.05852868725254655,147
28,20.81271367073059,4.350526461356135,0.005041694641113282,0.0005011789142373361,0.01,5,5,1,"{'learning_rate': 0.01, 'max_depth': 5, 'min_child_weight': 5, 'subsample': 1}",0.3542982482589617,0.4223342222639128,0.44558573610572383,0.40292880393120534,0.3022897273918753,0.3854873475903358,0.05131922992102837,20
29,21.1970073223114,2.207133763159566,0.004007482528686523,0.0008822041262175213,0.01,5,5,0.7,"{'learning_rate': 0.01, 'max_depth': 5, 'min_child_weight': 5, 'subsample': 0.7}",0.34316287062389517,0.4311959527592508,0.45093482477281366,0.4049038837912561,0.321353205251921,0.3903101474398274,0.050075749232749184,6
30,15.00912685394287,1.418093032186669,0.003823661804199219,0.0006036641396989726,0.01,5,5,0.4,"{'learning_rate': 0.01, 'max_depth': 5, 'min_child_weight': 5, 'subsample': 0.4}",0.3450430152577153,0.414057982963257,0.45589586269984694,0.40011752148951574,0.3097055766122253,0.3849639918045121,0.051700935229213,23
31,10.162148046493531,2.135106570018174,0.004356861114501953,0.0007886120708276625,0.01,5,5,0.1,"{'learning_rate': 0.01, 'max_depth': 5, 'min_child_weight': 5, 'subsample': 0.1}",0.31905931738324433,0.3678618345498411,0.4448834637816871,0.3660295606715861,0.2764686492635867,0.3548605651299891,0.05625819684813687,131
32,20.656077003479005,2.953556689700366,0.005048799514770508,0.0008743798270463456,0.01,5,10,1,"{'learning_rate': 0.01, 'max_depth': 5, 'min_child_weight': 10, 'subsample': 1}",0.34533514015592814,0.4227376993647233,0.43491611434662514,0.3965777822674007,0.31290607559980277,0.38249456234689605,0.04645265637128235,31
33,21.114167070388795,2.332621539986306,0.004135894775390625,0.0010079827900277448,0.01,5,10,0.7,"{'learning_rate': 0.01, 'max_depth': 5, 'min_child_weight': 10, 'subsample': 0.7}",0.3396241817852481,0.4289066151725013,0.45016211273702256,0.40097389793647276,0.3149499288843609,0.3869233473031211,0.05172337619542172,15
34,15.2242347240448,1.5604084663857896,0.003986930847167969,0.0006257597560250458,0.01,5,10,0.4,"{'learning_rate': 0.01, 'max_depth': 5, 'min_child_weight': 10, 'subsample': 0.4}",0.34793074772152655,0.418736172560092,0.4581287349087142,0.40859342065376814,0.31747522246742177,0.3901728596623045,0.05068041705901552,7
35,10.112976121902467,0.7202836541385031,0.004132366180419922,0.0010651365281741456,0.01,5,10,0.1,"{'learning_rate': 0.01, 'max_depth': 5, 'min_child_weight': 10, 'subsample': 0.1}",0.3126182502421546,0.3646321923999617,0.4230263052817024,0.3724080403606531,0.2898577677271703,0.3525085112023284,0.04697250848270014,146
36,29.377793502807616,2.7090203733551066,0.004512643814086914,0.0011625131354842688,0.01,7,1,1,"{'learning_rate': 0.01, 'max_depth': 7, 'min_child_weight': 1, 'subsample': 1}",0.33503050453689376,0.4229024790938789,0.4437496035929869,0.39972035685135654,0.285750056263287,0.37743060006768064,0.058593217152717286,46
37,32.48715739250183,6.0269617809223295,0.004719352722167969,0.0007865015833108233,0.01,7,1,0.7,"{'learning_rate': 0.01, 'max_depth': 7, 'min_child_weight': 1, 'subsample': 0.7}",0.3390116490472652,0.43618198601149416,0.4505872214422745,0.41282580766697285,0.3181922987813711,0.39135979258987563,0.05305000930717431,2
38,21.349713611602784,1.9787907100397897,0.003948640823364258,0.0005292718772787856,0.01,7,1,0.4,"{'learning_rate': 0.01, 'max_depth': 7, 'min_child_weight': 1, 'subsample': 0.4}",0.34780365108496414,0.42391220019178655,0.4433551571412161,0.39436903243855215,0.31506776143696935,0.38490156045869767,0.0475001060396829,24
39,14.94971022605896,1.15496624425041,0.004810619354248047,0.0008641546360050085,0.01,7,1,0.1,"{'learning_rate': 0.01, 'max_depth': 7, 'min_child_weight': 1, 'subsample': 0.1}",0.30043764009498,0.3788356894487701,0.42719608854047697,0.3643860262633839,0.27174837327673707,0.3485207635248696,0.05579694386797664,175
40,24.026632690429686,5.736286263912322,0.005118894577026367,0.001469677259002979,0.01,7,5,1,"{'learning_rate': 0.01, 'max_depth': 7, 'min_child_weight': 5, 'subsample': 1}",0.3390447620807866,0.4224538731801394,0.4322605934272028,0.39512373867317596,0.29857494335385604,0.37749158214303213,0.05106493710352461,45
41,30.251374530792237,4.073381585288203,0.0047133445739746095,0.0010249489033441579,0.01,7,5,0.7,"{'learning_rate': 0.01, 'max_depth': 7, 'min_child_weight': 5, 'subsample': 0.7}",0.35007110346688053,0.43581149869864266,0.4502128171106411,0.4025656305566365,0.3193929857292812,0.39161080711241636,0.04989762634336852,1
42,20.464788341522215,1.1786204106247098,0.00406804084777832,0.0005457720845083132,0.01,7,5,0.4,"{'learning_rate': 0.01, 'max_depth': 7, 'min_child_weight': 5, 'subsample': 0.4}",0.35607283152016767,0.4198802639077648,0.44832719530690057,0.39858950852536346,0.3087811013134635,0.38633018011473197,0.04908950176002107,18
43,13.02995719909668,1.669953105717404,0.004674577713012695,0.0007252208892935826,0.01,7,5,0.1,"{'learning_rate': 0.01, 'max_depth': 7, 'min_child_weight': 5, 'subsample': 0.1}",0.3188221643438446,0.376227717387178,0.43469299233187775,0.36711798788992145,0.29277733055548005,0.3579276385016604,0.049165182176745106,114
44,25.06729140281677,3.4002801868135046,0.003489065170288086,0.0002746018378383608,0.01,7,10,1,"{'learning_rate': 0.01, 'max_depth': 7, 'min_child_weight': 10, 'subsample': 1}",0.30566846762415434,0.4259573347682025,0.4196613528446391,0.40419431446049114,0.3066721555180498,0.3724307250431074,0.05456398857400728,60
45,21.638018989562987,0.9435235776411373,0.004993581771850586,0.000592089653628799,0.01,7,10,0.7,"{'learning_rate': 0.01, 'max_depth': 7, 'min_child_weight': 10, 'subsample': 0.7}",0.344630414527352,0.4348920990100468,0.4463325348305406,0.4079503689526466,0.3184492949917942,0.390450942462476,0.05037411380283911,5
46,19.079852533340453,2.3522196728214078,0.004091024398803711,0.0009132090786279196,0.01,7,10,0.4,"{'learning_rate': 0.01, 'max_depth': 7, 'min_child_weight': 10, 'subsample': 0.4}",0.3385181554039428,0.4261368749661376,0.45218117798644664,0.4067006413750489,0.30766191439119805,0.3862397528245548,0.05442522837999153,19
47,10.398170328140258,1.5224604303795373,0.004553031921386719,0.0008064204465433632,0.01,7,10,0.1,"{'learning_rate': 0.01, 'max_depth': 7, 'min_child_weight': 10, 'subsample': 0.1}",0.3141002910196,0.36043747580032137,0.3985795180243674,0.37203794571430315,0.2874097393917402,0.3465129939900664,0.04024951005214705,188
48,44.28462562561035,7.459329414620963,0.005097579956054687,0.0006041564316546492,0.01,9,1,1,"{'learning_rate': 0.01, 'max_depth': 9, 'min_child_weight': 1, 'subsample': 1}",0.32076504409492035,0.4054565332032465,0.4153539238245286,0.38681714927022004,0.26097634280126314,0.3578737986388357,0.058603712471747456,116
49,38.806384038925174,3.3900077806963007,0.0047855377197265625,0.0007320657127383093,0.01,9,1,0.7,"{'learning_rate': 0.01, 'max_depth': 9, 'min_child_weight': 1, 'subsample': 0.7}",0.3404350138691796,0.43697687138325747,0.4428241063500704,0.405100592568135,0.3189540079395491,0.3888581184220383,0.050443913255938236,12
50,29.365587186813354,3.4404404140910314,0.004359626770019531,0.0005692004698089993,0.01,9,1,0.4,"{'learning_rate': 0.01, 'max_depth': 9, 'min_child_weight': 1, 'subsample': 0.4}",0.34573674269354815,0.4283019486701123,0.4540130122616215,0.3957566247645077,0.3101543310175252,0.38679253188146295,0.05268960292769856,16
51,16.925401735305787,0.739303458908995,0.005000448226928711,0.0014395694900075722,0.01,9,1,0.1,"{'learning_rate': 0.01, 'max_depth': 9, 'min_child_weight': 1, 'subsample': 0.1}",0.2976089182706143,0.36910901288509157,0.42375443248963307,0.3667926681135626,0.255127208203637,0.34247844799250765,0.05924469213809261,193
52,36.978236770629884,6.080253571826946,0.004784440994262696,0.0006446392139813956,0.01,9,5,1,"{'learning_rate': 0.01, 'max_depth': 9, 'min_child_weight': 5, 'subsample': 1}",0.32041561431089083,0.39834103527976705,0.4063315652633994,0.37726901170442506,0.27185813043204743,0.354843071398106,0.051220720201148096,132
53,34.28420386314392,1.871875532363553,0.0052468299865722655,0.0008436873949629697,0.01,9,5,0.7,"{'learning_rate': 0.01, 'max_depth': 9, 'min_child_weight': 5, 'subsample': 0.7}",0.344844710827657,0.44352344265463195,0.44172455854617365,0.40180498889547256,0.3154351358562234,0.38946656735603175,0.05153065686814399,9
54,24.690988540649414,2.8043748210555957,0.005538845062255859,0.0007469577694553122,0.01,9,5,0.4,"{'learning_rate': 0.01, 'max_depth': 9, 'min_child_weight': 5, 'subsample': 0.4}",0.3485989320538564,0.42302462799594764,0.45454970546139983,0.4030060453633535,0.3081282480881752,0.3874615117925465,0.052557131431830446,14
55,14.55509901046753,1.715483566255414,0.004643440246582031,0.000639769253890356,0.01,9,5,0.1,"{'learning_rate': 0.01, 'max_depth': 9, 'min_child_weight': 5, 'subsample': 0.1}",0.3161090234040559,0.3783932411484051,0.437839675379311,0.3586964526389771,0.2721637391972882,0.3526404263536075,0.056160191480953255,145
56,30.541680145263673,2.8980543590758168,0.005878829956054687,0.0009635681798075375,0.01,9,10,1,"{'learning_rate': 0.01, 'max_depth': 9, 'min_child_weight': 10, 'subsample': 1}",0.28565024580668086,0.4072306834225383,0.4176863597763041,0.4053916768853747,0.3062394764111297,0.36443968846040553,0.05645951393396273,92
57,30.307660341262817,3.7953581392951485,0.004544830322265625,0.0005562869961834257,0.01,9,10,0.7,"{'learning_rate': 0.01, 'max_depth': 9, 'min_child_weight': 10, 'subsample': 0.7}",0.34184682400606914,0.43415227400711687,0.4489119367913218,0.40755051351972893,0.3165581686616594,0.3898039433971793,0.051846502059414976,8
58,21.197163009643553,2.02913539075898,0.0046233654022216795,0.001190857995326406,0.01,9,10,0.4,"{'learning_rate': 0.01, 'max_depth': 9, 'min_child_weight': 10, 'subsample': 0.4}",0.3445542853610626,0.4252524715375843,0.4593337506728806,0.41006291597036404,0.3065858300162819,0.3891578507116347,0.05562754171291075,10
59,11.59443621635437,0.5523784272881043,0.004001903533935547,0.0005353462136490074,0.01,9,10,0.1,"{'learning_rate': 0.01, 'max_depth': 9, 'min_child_weight': 10, 'subsample': 0.1}",0.3119201221493415,0.3605226944300385,0.42788518104566065,0.37979223687911,0.28944867229132265,0.3539137813590947,0.04920235332708187,137
60,60.668720388412474,13.365999908711307,0.004569196701049804,0.0007829227127377854,0.01,11,1,1,"{'learning_rate': 0.01, 'max_depth': 11, 'min_child_weight': 1, 'subsample': 1}",0.28434302282195323,0.38165318440583884,0.3822554469780809,0.36377271168009784,0.22299272151497074,0.32700341748018835,0.0632921779245883,218
61,52.995408344268796,6.08374628002884,0.005302906036376953,0.0006390686977684334,0.01,11,1,0.7,"{'learning_rate': 0.01, 'max_depth': 11, 'min_child_weight': 1, 'subsample': 0.7}",0.33832871280003984,0.4325346218060486,0.44358404372262716,0.40538084844857214,0.32184176287990274,0.3883339979314381,0.0494340038568754,13
62,36.13105478286743,5.159361490619178,0.004835605621337891,0.0011114318372739817,0.01,11,1,0.4,"{'learning_rate': 0.01, 'max_depth': 11, 'min_child_weight': 1, 'subsample': 0.4}",0.34087019093451687,0.42229514805047286,0.45852348745658345,0.3854974239456095,0.30809999866195203,0.3830572498098269,0.05410925534306941,29
63,19.85519185066223,1.1008781717451113,0.006087064743041992,0.0007511094810265287,0.01,11,1,0.1,"{'learning_rate': 0.01, 'max_depth': 11, 'min_child_weight': 1, 'subsample': 0.1}",0.2980739092978347,0.3723217865322693,0.43012706699555603,0.36380693587773405,0.2421852251289317,0.3413029847664652,0.06488666227181258,197
64,51.74151358604431,5.737069469593281,0.005242538452148437,0.000391921664528003,0.01,11,5,1,"{'learning_rate': 0.01, 'max_depth': 11, 'min_child_weight': 5, 'subsample': 1}",0.3018852699342712,0.38839608368260414,0.4193274907485458,0.38483052568370113,0.26671193702456764,0.352230261414738,0.05782868507697783,149
65,44.68876466751099,8.308003744623695,0.00554051399230957,0.0010765077267700068,0.01,11,5,0.7,"{'learning_rate': 0.01, 'max_depth': 11, 'min_child_weight': 5, 'subsample': 0.7}",0.34304595348390043,0.4356164247511315,0.4390615948375848,0.4053497736403675,0.32219936011557326,0.38905462136571145,0.048001363303673786,11
66,27.909857654571532,2.609649344780116,0.005233573913574219,0.0006058708656551228,0.01,11,5,0.4,"{'learning_rate': 0.01, 'max_depth': 11, 'min_child_weight': 5, 'subsample': 0.4}",0.3458489390730962,0.42330504975625094,0.4548700230007532,0.39583083072775704,0.3140801678569263,0.38678700208295674,0.051015419484484084,17
67,15.166242504119873,1.2938893343104723,0.004873991012573242,0.0012261876377545327,0.01,11,5,0.1,"{'learning_rate': 0.01, 'max_depth': 11, 'min_child_weight': 5, 'subsample': 0.1}",0.3111309014519036,0.37327247162043997,0.4359440248488533,0.368289083077631,0.2683060487824196,0.3513885059562495,0.05733679908382456,154
68,40.76422228813171,7.300400491785129,0.00530848503112793,0.0011395790031465136,0.01,11,10,1,"{'learning_rate': 0.01, 'max_depth': 11, 'min_child_weight': 10, 'subsample': 1}",0.2994125366227185,0.40867896998040354,0.40130003068612163,0.3844952004266148,0.28899834296466187,0.35657701613610404,0.05163107867275754,123
69,34.97686457633972,3.764747362922128,0.005540657043457031,0.0009203397834188592,0.01,11,10,0.7,"{'learning_rate': 0.01, 'max_depth': 11, 'min_child_weight': 10, 'subsample': 0.7}",0.3430242457863908,0.4327243483654316,0.44866087174811764,0.4065057480371077,0.3220339305885007,0.3905898289051097,0.04972580038624616,4
70,25.912147188186644,4.144200887781884,0.005650806427001953,0.0010954479613856359,0.01,11,10,0.4,"{'learning_rate': 0.01, 'max_depth': 11, 'min_child_weight': 10, 'subsample': 0.4}",0.3335438479323515,0.42601555525895485,0.45473352405530554,0.4052381321921614,0.3066234511156627,0.3852309021108872,0.05611590606361708,21
71,12.884607601165772,0.5950990344375058,0.0039904117584228516,0.0011769920143485189,0.01,11,10,0.1,"{'learning_rate': 0.01, 'max_depth': 11, 'min_child_weight': 10, 'subsample': 0.1}",0.31153270199766325,0.3621582589296294,0.4288113878850126,0.3767041208890908,0.28944867229132265,0.35373102839854376,0.049292517954252484,138
72,4.168386554718017,0.5253592707795565,0.0029397010803222656,0.0006266584971085814,0.05,2,1,1,"{'learning_rate': 0.05, 'max_depth': 2, 'min_child_weight': 1, 'subsample': 1}",0.2986585683392149,0.3909631761018466,0.41276184399320826,0.3748145237192325,0.2679939662110771,0.34903841567291594,0.0558374433617257,170
73,3.6252468109130858,0.6063916605394316,0.0030492305755615234,0.0005243885697049858,0.05,2,1,0.7,"{'learning_rate': 0.05, 'max_depth': 2, 'min_child_weight': 1, 'subsample': 0.7}",0.31663569693825,0.3914500072592948,0.4232301081715808,0.3694249053216534,0.2678422064997594,0.3537165848381077,0.055230595739503716,139
74,2.4722806453704833,0.37111121930022056,0.0030355453491210938,0.0002556540089237265,0.05,2,1,0.4,"{'learning_rate': 0.05, 'max_depth': 2, 'min_child_weight': 1, 'subsample': 0.4}",0.30839854982370585,0.3830674478940215,0.41612015526346124,0.3700711876232198,0.28056308922860607,0.3516440859666029,0.04981331901371729,153
75,2.0652633190155028,0.44663788424192424,0.0037468433380126952,0.001163700540654733,0.05,2,1,0.1,"{'learning_rate': 0.05, 'max_depth': 2, 'min_child_weight': 1, 'subsample': 0.1}",0.3016618282453486,0.3287095611042159,0.3826992927125148,0.3466166199267988,0.2596543135592324,0.3238683231096221,0.04151764206819482,223
76,5.451331996917725,1.5301148676541414,0.0034968376159667967,0.0005178081690681222,0.05,2,5,1,"{'learning_rate': 0.05, 'max_depth': 2, 'min_child_weight': 5, 'subsample': 1}",0.3018077930871613,0.38698122201292107,0.41703527625695014,0.36936428005549604,0.2688785261182828,0.34881341950616224,0.055013556242098124,172
77,4.28082308769226,0.7953724127511994,0.0028211116790771485,0.000779434197324409,0.05,2,5,0.7,"{'learning_rate': 0.05, 'max_depth': 2, 'min_child_weight': 5, 'subsample': 0.7}",0.328172580976816,0.3933892511051209,0.42109644017858683,0.37428607065232533,0.26261542704411156,0.35591195399139214,0.0556145447831326,125
78,2.6066665649414062,0.32956345825439,0.0031646251678466796,0.00043988383171406905,0.05,2,5,0.4,"{'learning_rate': 0.05, 'max_depth': 2, 'min_child_weight': 5, 'subsample': 0.4}",0.32091135823805983,0.38334076541916406,0.41334515637956337,0.37926676714545604,0.2826494561066787,0.35590270065778445,0.047304956614792615,126
79,1.9964356422424316,0.5555384207357292,0.0034404754638671874,0.000711447585334021,0.05,2,5,0.1,"{'learning_rate': 0.05, 'max_depth': 2, 'min_child_weight': 5, 'subsample': 0.1}",0.301757885404078,0.3237950817255474,0.3735172790453323,0.3511031416017283,0.25780532579468773,0.3215957427142747,0.04008522792651075,225
80,5.312691020965576,0.8847651319231705,0.0034951686859130858,0.0006369525076922588,0.05,2,10,1,"{'learning_rate': 0.05, 'max_depth': 2, 'min_child_weight': 10, 'subsample': 1}",0.3078685435931614,0.38928212583429067,0.4087052394932933,0.37547771831159416,0.26718864369172324,0.34970445418481255,0.053424429431345816,165
81,3.4614348888397215,0.23209823429038412,0.002901172637939453,0.00024199364102814053,0.05,2,10,0.7,"{'learning_rate': 0.05, 'max_depth': 2, 'min_child_weight': 10, 'subsample': 0.7}",0.32092509436259753,0.3899506881175002,0.42673894747740937,0.36873810964893705,0.2642046862881735,0.35411150517892354,0.05649372339078203,136
82,3.0211352348327636,0.8742598896625218,0.002781105041503906,0.00038528623556900846,0.05,2,10,0.4,"{'learning_rate': 0.05, 'max_depth': 2, 'min_child_weight': 10, 'subsample': 0.4}",0.3229538486843885,0.3747625195423404,0.41463029558632347,0.370266574976302,0.28591630576204674,0.3537059089102802,0.04465542947244909,140
83,1.9288004398345948,0.6140237454213984,0.002823543548583984,0.001040947971278219,0.05,2,10,0.1,"{'learning_rate': 0.05, 'max_depth': 2, 'min_child_weight': 10, 'subsample': 0.1}",0.28069647469453796,0.32739919550283647,0.3828530012680218,0.3599993559975432,0.27182363264187104,0.32455433202096207,0.04328329034438585,222
84,6.239838647842407,1.782612846389844,0.0036153316497802733,0.0009246503676599367,0.05,3,1,1,"{'learning_rate': 0.05, 'max_depth': 3, 'min_child_weight': 1, 'subsample': 1}",0.32299087561347395,0.4096473385313272,0.4343371204516978,0.38291368506149226,0.28606610770809293,0.3671910254732168,0.05494223174189067,80
85,4.6120349884033205,0.9659915559634631,0.0032501697540283205,0.0004269113623724613,0.05,3,1,0.7,"{'learning_rate': 0.05, 'max_depth': 3, 'min_child_weight': 1, 'subsample': 0.7}",0.32761287634081127,0.4112593364971968,0.43459634176222073,0.38949776411449943,0.2946671199019657,0.3715266877233388,0.052374116167542915,62
86,3.0964396953582765,0.6765823383884444,0.0033673763275146483,0.0005748622370179996,0.05,3,1,0.4,"{'learning_rate': 0.05, 'max_depth': 3, 'min_child_weight': 1, 'subsample': 0.4}",0.33193658792422964,0.4127840864563276,0.4261240253080739,0.38062099738519806,0.28776850629725825,0.36784684067421747,0.05153804667653432,78
87,2.110267925262451,0.3569300231959756,0.0038851261138916015,0.0007918542339248246,0.05,3,1,0.1,"{'learning_rate': 0.05, 'max_depth': 3, 'min_child_weight': 1, 'subsample': 0.1}",0.2784680541859089,0.33938418146176386,0.36737514776441627,0.3552778385642944,0.2829985602651416,0.324700756448305,0.0370086490432624,220
88,5.624596643447876,1.3162198908659322,0.003215122222900391,0.0002727916326917374,0.05,3,5,1,"{'learning_rate': 0.05, 'max_depth': 3, 'min_child_weight': 5, 'subsample': 1}",0.3177683843728474,0.41415042650470624,0.4261397043434412,0.3866930674744129,0.2816746030059798,0.3652852371402775,0.05621024381209985,87
89,4.672877502441406,1.3835806240685085,0.003801918029785156,0.0013105975043592058,0.05,3,5,0.7,"{'learning_rate': 0.05, 'max_depth': 3, 'min_child_weight': 5, 'subsample': 0.7}",0.3497923138324771,0.41522065505314776,0.43011503045715826,0.38353201954895444,0.31152219381455215,0.37803644254125796,0.043236379210769546,40
90,2.852581596374512,0.6152857593991072,0.0031518936157226562,0.0008853545318944141,0.05,3,5,0.4,"{'learning_rate': 0.05, 'max_depth': 3, 'min_child_weight': 5, 'subsample': 0.4}",0.3184158386166306,0.4088089336889442,0.420601535255137,0.3891706116586351,0.28891001739216693,0.36518138732230276,0.0520664515785199,89
91,2.259919595718384,0.6656616214397967,0.0026680469512939454,0.0012057605914034323,0.05,3,5,0.1,"{'learning_rate': 0.05, 'max_depth': 3, 'min_child_weight': 5, 'subsample': 0.1}",0.2984423920346494,0.338787077502152,0.41535773311436897,0.37232518990910446,0.27020706640753434,0.33902389179356185,0.05161104813288068,202
92,5.259552335739135,1.7877918203253584,0.003287935256958008,0.0007418668397217624,0.05,3,10,1,"{'learning_rate': 0.05, 'max_depth': 3, 'min_child_weight': 10, 'subsample': 1}",0.31466626123486796,0.41378480417023045,0.4157216630409317,0.3846571795184517,0.26360970233999814,0.35848792206089597,0.05990073596947152,111
93,4.160832405090332,0.500111537290765,0.003230905532836914,0.0006385576799325388,0.05,3,10,0.7,"{'learning_rate': 0.05, 'max_depth': 3, 'min_child_weight': 10, 'subsample': 0.7}",0.3517419403730664,0.41113663629819397,0.43810433377448843,0.3921759055990306,0.29220737675471975,0.3770732385598998,0.0509059709032849,49
94,3.0247122287750243,0.6194739359564337,0.0029996395111083984,0.0010370227789305035,0.05,3,10,0.4,"{'learning_rate': 0.05, 'max_depth': 3, 'min_child_weight': 10, 'subsample': 0.4}",0.32092189317299946,0.40833078318329175,0.4317062967774846,0.38951199004070813,0.27941808290499803,0.3659778092158964,0.05690428443903652,85
95,2.207667589187622,0.4575030053014454,0.0030919551849365235,0.0006376772679881953,0.05,3,10,0.1,"{'learning_rate': 0.05, 'max_depth': 3, 'min_child_weight': 10, 'subsample': 0.1}",0.2981531137945028,0.3492055141677525,0.38217993913977133,0.3630005673619898,0.24783585301262445,0.3280749974953282,0.048841126742173314,216
96,5.071656560897827,0.9081730486718895,0.003442811965942383,0.0009708695580629887,0.05,5,1,1,"{'learning_rate': 0.05, 'max_depth': 5, 'min_child_weight': 1, 'subsample': 1}",0.345042419511684,0.4215088068965904,0.444030275486503,0.39557728902131384,0.301229154634034,0.38147758911002505,0.05192585353652868,32
97,5.003757429122925,0.9288476050080728,0.0036284923553466797,0.0011655112564808174,0.05,5,1,0.7,"{'learning_rate': 0.05, 'max_depth': 5, 'min_child_weight': 1, 'subsample': 0.7}",0.3369178625965724,0.41885965838355377,0.44539662686934167,0.401450702376989,0.31560010629700175,0.3836449913046917,0.04936377528550558,28
98,3.5303977966308593,0.37833216582768003,0.002877473831176758,0.000677345563556973,0.05,5,1,0.4,"{'learning_rate': 0.05, 'max_depth': 5, 'min_child_weight': 1, 'subsample': 0.4}",0.3313190285306843,0.40685520322126745,0.44197416285869695,0.38570290059833534,0.2984615603172873,0.3728625711052542,0.05168783522314764,58
99,3.04648118019104,0.764605199242598,0.003762960433959961,0.001722754502021145,0.05,5,1,0.1,"{'learning_rate': 0.05, 'max_depth': 5, 'min_child_weight': 1, 'subsample': 0.1}",0.28192597465593316,0.35808399358993037,0.41833848965658615,0.3485021925481715,0.2476148663258797,0.3308931033553002,0.06004858795196445,212
100,5.595716667175293,1.4553275561289396,0.0036418914794921877,0.0006038518132400876,0.05,5,5,1,"{'learning_rate': 0.05, 'max_depth': 5, 'min_child_weight': 5, 'subsample': 1}",0.352690943788763,0.4263411579362073,0.44371144410029795,0.4003904276287331,0.3005989397181398,0.38474658263442824,0.05207702614128677,25
101,4.925976133346557,0.9378162127925628,0.003311634063720703,0.0006923898024701769,0.05,5,5,0.7,"{'learning_rate': 0.05, 'max_depth': 5, 'min_child_weight': 5, 'subsample': 0.7}",0.3301632134779958,0.4094016093583751,0.43868095086027636,0.40455339317273853,0.31410100078456793,0.37938003353079075,0.04844634008745007,35
102,4.343355274200439,1.108606081276006,0.0033054351806640625,0.0005937235007815528,0.05,5,5,0.4,"{'learning_rate': 0.05, 'max_depth': 5, 'min_child_weight': 5, 'subsample': 0.4}",0.31855472203228197,0.42727006674760915,0.44522560714984605,0.3847274025166537,0.277972156132409,0.37074999091575994,0.06366879477648525,66
103,3.381912040710449,0.788285009730602,0.0032893657684326173,0.0008477432972472349,0.05,5,5,0.1,"{'learning_rate': 0.05, 'max_depth': 5, 'min_child_weight': 5, 'subsample': 0.1}",0.26901952298379317,0.3172552736199554,0.41501329616656524,0.3466748603488313,0.24528823218581364,0.31865023706099177,0.05986377223785633,229
104,5.509172534942627,1.9043202096213743,0.002923727035522461,0.000711028114096827,0.05,5,10,1,"{'learning_rate': 0.05, 'max_depth': 5, 'min_child_weight': 10, 'subsample': 1}",0.3500728798178758,0.42183470027828707,0.43082256700684873,0.40511547247292756,0.28462057948596886,0.3784932398123816,0.054672437609367394,36
105,4.4434832572937015,0.3059148730073173,0.004077911376953125,0.0007015327547033668,0.05,5,10,0.7,"{'learning_rate': 0.05, 'max_depth': 5, 'min_child_weight': 10, 'subsample': 0.7}",0.3242447772869408,0.4114939200304032,0.4358692492834947,0.4015998370680727,0.3125773020545367,0.37715701714468963,0.04938389469493077,48
106,3.6228410243988036,0.5266505380305597,0.0034140586853027345,0.0007551985716180307,0.05,5,10,0.4,"{'learning_rate': 0.05, 'max_depth': 5, 'min_child_weight': 10, 'subsample': 0.4}",0.3319732404061674,0.404189157385173,0.45427943557321737,0.403638780392786,0.295561682735373,0.3779284592985433,0.05670323531812877,42
107,3.037108325958252,0.8929853722777561,0.0028712272644042967,0.0005983230866532355,0.05,5,10,0.1,"{'learning_rate': 0.05, 'max_depth': 5, 'min_child_weight': 10, 'subsample': 0.1}",0.26278315958013243,0.3409993741175299,0.38720370007514704,0.35016482213156974,0.25198721320225437,0.31862765382132674,0.05245439321316212,230
108,7.783393096923828,0.607585825191323,0.00281672477722168,0.0005339740023551925,0.05,7,1,1,"{'learning_rate': 0.05, 'max_depth': 7, 'min_child_weight': 1, 'subsample': 1}",0.3321587791534859,0.42335441352405445,0.42929961682671636,0.40815176515131124,0.2902889896741202,0.37665071286593765,0.05546771752407597,50
109,7.735001945495606,1.0643317848289333,0.003205108642578125,0.0006598560636175349,0.05,7,1,0.7,"{'learning_rate': 0.05, 'max_depth': 7, 'min_child_weight': 1, 'subsample': 0.7}",0.3267500061349816,0.4112289978818453,0.44875393465957003,0.3891524744923597,0.3374632112419548,0.38266972488214224,0.04559698393303976,30
110,5.5494773387908936,1.0391778820743673,0.0022650241851806642,0.0001464644278167287,0.05,7,1,0.4,"{'learning_rate': 0.05, 'max_depth': 7, 'min_child_weight': 1, 'subsample': 0.4}",0.29033136022794015,0.42601768537456686,0.4266549764516858,0.3643298273224158,0.29808609942172093,0.36108398975966594,0.059162730424047856,98
111,2.9189156532287597,0.6997144041022697,0.002355337142944336,0.00034141607124647263,0.05,7,1,0.1,"{'learning_rate': 0.05, 'max_depth': 7, 'min_child_weight': 1, 'subsample': 0.1}",0.27250282276810356,0.34802709448055613,0.38218091461518655,0.3194969092602191,0.25483848040317525,0.31540924430544814,0.0470082281300324,234
112,6.173430299758911,1.833014482459151,0.0034621238708496095,0.00036264866896532533,0.05,7,5,1,"{'learning_rate': 0.05, 'max_depth': 7, 'min_child_weight': 5, 'subsample': 1}",0.32902812748985477,0.4280403138635934,0.4145723554843389,0.3798967946567543,0.30476992496832045,0.3712615032925724,0.04770538653889088,63
113,7.48559193611145,1.0661059807915916,0.0033208370208740235,0.000672799481239579,0.05,7,5,0.7,"{'learning_rate': 0.05, 'max_depth': 7, 'min_child_weight': 5, 'subsample': 0.7}",0.3173848107275099,0.4259727149191167,0.4496928633967575,0.38637970557058354,0.3095590505040984,0.3777978290236132,0.05633760356477462,43
114,5.30678882598877,1.383465034847145,0.0033422470092773437,0.0009804078178039686,0.05,7,5,0.4,"{'learning_rate': 0.05, 'max_depth': 7, 'min_child_weight': 5, 'subsample': 0.4}",0.338010174752276,0.4180163542458857,0.44346907255600887,0.38011203852811903,0.275867522287782,0.3710950324740143,0.059470673477817704,64
115,3.656237077713013,0.7048386780531322,0.004070425033569336,0.0014578733963628487,0.05,7,5,0.1,"{'learning_rate': 0.05, 'max_depth': 7, 'min_child_weight': 5, 'subsample': 0.1}",0.21634742447555655,0.32287287093529715,0.37526949341729277,0.29987014329044115,0.23189445205799164,0.2892508768353158,0.058731733390373936,254
116,6.710450220108032,1.914312232551506,0.0033987998962402345,0.0006573775466554323,0.05,7,10,1,"{'learning_rate': 0.05, 'max_depth': 7, 'min_child_weight': 10, 'subsample': 1}",0.3100143746703057,0.43138656482001136,0.4101270728627868,0.39858559488583956,0.3039927558199016,0.37082127261176895,0.05319302141981707,65
117,6.548842811584473,0.7946698309609098,0.003133344650268555,0.000579620670306872,0.05,7,10,0.7,"{'learning_rate': 0.05, 'max_depth': 7, 'min_child_weight': 10, 'subsample': 0.7}",0.3312213205229727,0.42661276354693933,0.4495827197278496,0.4003931565045158,0.31303689964897874,0.3841693719902512,0.05330456548665052,27
118,4.391353273391724,0.6711987078574555,0.0032833099365234377,0.0006218051324601735,0.05,7,10,0.4,"{'learning_rate': 0.05, 'max_depth': 7, 'min_child_weight': 10, 'subsample': 0.4}",0.306998378540964,0.42667158973735886,0.4658041093955706,0.39168558784967034,0.2865591446539887,0.3755437620355105,0.06875794549087917,54
119,2.8612693309783936,0.30501653419120106,0.003056192398071289,0.0004939811473285134,0.05,7,10,0.1,"{'learning_rate': 0.05, 'max_depth': 7, 'min_child_weight': 10, 'subsample': 0.1}",0.30667436445578977,0.3699985075765687,0.4066945944135901,0.35741377025528387,0.26616292270780884,0.34138883188180824,0.049404830680445516,195
120,10.847930145263671,1.5147329420117412,0.004372739791870117,0.0010274403796878,0.05,9,1,1,"{'learning_rate': 0.05, 'max_depth': 9, 'min_child_weight': 1, 'subsample': 1}",0.3091094909619101,0.4031077831519332,0.4069228690628236,0.3956273665405723,0.2795052269795095,0.35885454733934974,0.05365079298717683,109
121,11.751445484161376,3.592703597962401,0.00324859619140625,0.00037442231979259016,0.05,9,1,0.7,"{'learning_rate': 0.05, 'max_depth': 9, 'min_child_weight': 1, 'subsample': 0.7}",0.35026963651124865,0.4115309032368476,0.4357318951022131,0.3874224718054531,0.3059809329579781,0.3781871679227481,0.045829292110093345,38
122,7.29773440361023,0.8311163642130744,0.0033190250396728516,0.000791551722098791,0.05,9,1,0.4,"{'learning_rate': 0.05, 'max_depth': 9, 'min_child_weight': 1, 'subsample': 0.4}",0.29927274171244966,0.42392799995297425,0.4321287005790785,0.376786046424881,0.30847399687579036,0.36811789710903475,0.05582891295647199,76
123,4.484086799621582,0.3787383047876515,0.003048229217529297,0.0006424980628840569,0.05,9,1,0.1,"{'learning_rate': 0.05, 'max_depth': 9, 'min_child_weight': 1, 'subsample': 0.1}",0.23477207817621482,0.3414375871248637,0.3721707918106959,0.3613822103700888,0.23857840447034018,0.3096682143904407,0.06042084888942335,238
124,9.620071315765381,2.0843424285190073,0.003449153900146484,0.0003595384552098997,0.05,9,5,1,"{'learning_rate': 0.05, 'max_depth': 9, 'min_child_weight': 5, 'subsample': 1}",0.3140370905710035,0.4184696225834187,0.41309565423058625,0.38778017126532327,0.26684524243629115,0.3600455562173246,0.05966568645685544,103
125,8.822562742233277,1.29943908342454,0.0034734249114990235,0.0004849655105061801,0.05,9,5,0.7,"{'learning_rate': 0.05, 'max_depth': 9, 'min_child_weight': 5, 'subsample': 0.7}",0.3244170184544173,0.41898328878582203,0.44392332046798066,0.3898864005167232,0.28448899234269753,0.37233980411352813,0.059366751697397586,61
126,6.6251098155975345,1.2092825261109168,0.0033636569976806642,7.009772211335065e-05,0.05,9,5,0.4,"{'learning_rate': 0.05, 'max_depth': 9, 'min_child_weight': 5, 'subsample': 0.4}",0.30371502490695534,0.41160594933669303,0.4356072759014066,0.3878390396635629,0.28737088173993786,0.3652276343097111,0.05909482675097809,88
127,4.660868787765503,1.4099058971099045,0.0029624462127685546,0.0013237422113928235,0.05,9,5,0.1,"{'learning_rate': 0.05, 'max_depth': 9, 'min_child_weight': 5, 'subsample': 0.1}",0.25152299221482644,0.344584901636511,0.3768460748650878,0.2937272501645908,0.22508996432247497,0.2983542366406982,0.056356847162422806,246
128,8.739891958236694,2.4454985150577393,0.0030802249908447265,0.0005752416241719542,0.05,9,10,1,"{'learning_rate': 0.05, 'max_depth': 9, 'min_child_weight': 10, 'subsample': 1}",0.2835297575767266,0.4071140863802304,0.4051783314537838,0.3828223612076288,0.3132859750821675,0.35838610234010737,0.050593584003306755,112
129,7.577840280532837,0.8590497312743928,0.004102134704589843,0.00034106220991153677,0.05,9,10,0.7,"{'learning_rate': 0.05, 'max_depth': 9, 'min_child_weight': 10, 'subsample': 0.7}",0.32208454374681683,0.4248107208854177,0.43849361113231433,0.3937197845529602,0.3116221822824522,0.3781461685199923,0.052211642975099136,39
130,5.398887300491333,0.4993262014250528,0.003299856185913086,0.0005307694006611137,0.05,9,10,0.4,"{'learning_rate': 0.05, 'max_depth': 9, 'min_child_weight': 10, 'subsample': 0.4}",0.32064328252867136,0.41859033650025756,0.4221571999645113,0.3908455427919304,0.27907276729910013,0.36626182581689415,0.056832927847698354,82
131,2.9435519218444823,0.6666182069854288,0.0030713558197021486,0.0007972658165114748,0.05,9,10,0.1,"{'learning_rate': 0.05, 'max_depth': 9, 'min_child_weight': 10, 'subsample': 0.1}",0.30770006407243233,0.3599562196922761,0.4083153016705282,0.3724346689838499,0.22757451257594374,0.33519615339900605,0.06274492851452743,207
132,19.495071697235108,6.136745485934725,0.0032986164093017577,0.0004888063406966538,0.05,11,1,1,"{'learning_rate': 0.05, 'max_depth': 11, 'min_child_weight': 1, 'subsample': 1}",0.27623341159522263,0.38729625837938053,0.37396962511526244,0.3515861696142367,0.23654808508638003,0.3251267099580965,0.05863022006818101,219
133,15.208114671707154,2.3453811781883527,0.004280185699462891,0.0009288772249110801,0.05,11,1,0.7,"{'learning_rate': 0.05, 'max_depth': 11, 'min_child_weight': 1, 'subsample': 0.7}",0.3166381803187547,0.39350715476439624,0.4275220582089142,0.3875149118760879,0.29343468166635345,0.3637233973669013,0.05036049783687882,93
134,9.25240616798401,1.5455799879521999,0.0031556129455566407,0.001075673847118751,0.05,11,1,0.4,"{'learning_rate': 0.05, 'max_depth': 11, 'min_child_weight': 1, 'subsample': 0.4}",0.27325403163681605,0.41284751958557375,0.420849083195043,0.3822089941921216,0.29385537777271475,0.35660300127645383,0.061369351879042154,122
135,4.2828404903411865,0.5455380898721948,0.0034346580505371094,0.0009232121418453389,0.05,11,1,0.1,"{'learning_rate': 0.05, 'max_depth': 11, 'min_child_weight': 1, 'subsample': 0.1}",0.2616790604279119,0.339463450496833,0.36291864178762756,0.3386374933147198,0.2097941699934477,0.302498563204108,0.05759053287753957,241
136,11.425142002105712,1.7876627850844782,0.003337717056274414,0.00036539479796237923,0.05,11,5,1,"{'learning_rate': 0.05, 'max_depth': 11, 'min_child_weight': 5, 'subsample': 1}",0.2964358157883886,0.3965170503056804,0.41306415560267895,0.37683420189015815,0.2661906619123662,0.34980837709985446,0.05788599393007832,164
137,11.030178213119507,1.1751446769773064,0.0041787147521972655,0.001159479251755648,0.05,11,5,0.7,"{'learning_rate': 0.05, 'max_depth': 11, 'min_child_weight': 5, 'subsample': 0.7}",0.30513759789755435,0.41921180405651515,0.4328121816786765,0.3974742161311803,0.2978750063693194,0.37050216122664914,0.057497633796517275,68
138,7.509217405319214,0.8265505965435282,0.003350687026977539,0.0005647575923081323,0.05,11,5,0.4,"{'learning_rate': 0.05, 'max_depth': 11, 'min_child_weight': 5, 'subsample': 0.4}",0.2543226782312772,0.40983971411376163,0.43816966405990654,0.3775969784016059,0.2583653071495532,0.3476588683912209,0.0769934238894927,183
139,4.370896196365356,0.9990472021120691,0.0036328792572021484,0.0008999935180591737,0.05,11,5,0.1,"{'learning_rate': 0.05, 'max_depth': 11, 'min_child_weight': 5, 'subsample': 0.1}",0.2610704436266783,0.3654023153047944,0.4229867354635969,0.3165877735798661,0.2250139173578597,0.31821223706655904,0.07093426426509575,232
140,9.568259572982788,1.7501933220546648,0.0041977882385253905,0.0007216685728570557,0.05,11,10,1,"{'learning_rate': 0.05, 'max_depth': 11, 'min_child_weight': 10, 'subsample': 1}",0.27487801636871334,0.4152905837526478,0.40638699912765064,0.38257014823285473,0.31956893539108555,0.3597389365745904,0.054033871309031846,104
141,10.427591037750243,1.5931211234251212,0.003622627258300781,0.001107994437538606,0.05,11,10,0.7,"{'learning_rate': 0.05, 'max_depth': 11, 'min_child_weight': 10, 'subsample': 0.7}",0.30732511710660115,0.41571293406423704,0.4389386332198584,0.38903178417327566,0.2955865413812997,0.36931900198905443,0.057736645689969404,72
142,6.884837245941162,1.546958572244381,0.0036689281463623048,0.0007183113727323107,0.05,11,10,0.4,"{'learning_rate': 0.05, 'max_depth': 11, 'min_child_weight': 10, 'subsample': 0.4}",0.30389772403652104,0.4041296170720178,0.446425295246497,0.39468307881757514,0.27366650428742034,0.36456044389200626,0.0649871069142317,91
143,3.4037343502044677,0.9728614401730871,0.0036896228790283202,0.00036721590228824,0.05,11,10,0.1,"{'learning_rate': 0.05, 'max_depth': 11, 'min_child_weight': 10, 'subsample': 0.1}",0.30770006407243233,0.3599562196922761,0.4083153016705282,0.3724346689838499,0.22757451257594374,0.33519615339900605,0.06274492851452743,207
144,2.657595491409302,0.46807615163643124,0.0032901763916015625,0.0007844541697065078,0.1,2,1,1,"{'learning_rate': 0.1, 'max_depth': 2, 'min_child_weight': 1, 'subsample': 1}",0.3193736218701766,0.38316331060697606,0.4212321545639732,0.37324312196309195,0.27946776270871165,0.35529599434258585,0.04997319578957049,129
145,1.8475470066070556,0.2730142516705729,0.0030754566192626952,0.0006719158164465342,0.1,2,1,0.7,"{'learning_rate': 0.1, 'max_depth': 2, 'min_child_weight': 1, 'subsample': 0.7}",0.315351479502915,0.3982074778358997,0.41630941703790847,0.38032325915794374,0.26224600818469745,0.35448752834387287,0.05734281690349305,135
146,1.487119483947754,0.18102282743495282,0.002547454833984375,0.000511808280856671,0.1,2,1,0.4,"{'learning_rate': 0.1, 'max_depth': 2, 'min_child_weight': 1, 'subsample': 0.4}",0.3180098313594202,0.3909224994378343,0.4239686603133678,0.35142926232123384,0.2576335145842553,0.34839275360322225,0.05777556364482613,178
147,1.3229084014892578,0.19512111325629358,0.003668546676635742,0.001522358655832017,0.1,2,1,0.1,"{'learning_rate': 0.1, 'max_depth': 2, 'min_child_weight': 1, 'subsample': 0.1}",0.27217699399390693,0.31635972782743993,0.38081876125981295,0.3146673292051966,0.20874719007323062,0.2985540004719174,0.05675417838669199,245
148,2.761147928237915,0.5562864701959865,0.00418701171875,0.00047748706397153745,0.1,2,5,1,"{'learning_rate': 0.1, 'max_depth': 2, 'min_child_weight': 5, 'subsample': 1}",0.3132207938711866,0.3832019913409902,0.41805152392725475,0.3720644296053729,0.2744283999939542,0.35219342774775175,0.051497460706632636,151
149,2.516879415512085,0.6564237469039464,0.0031793594360351564,0.0006731340681545956,0.1,2,5,0.7,"{'learning_rate': 0.1, 'max_depth': 2, 'min_child_weight': 5, 'subsample': 0.7}",0.3145160420427596,0.40544569848673406,0.421607299999861,0.3736368482803778,0.2737478038242499,0.3577907385267965,0.055732507839775604,117
150,1.565590763092041,0.17496614545870287,0.0033043861389160157,0.0007299474801229401,0.1,2,5,0.4,"{'learning_rate': 0.1, 'max_depth': 2, 'min_child_weight': 5, 'subsample': 0.4}",0.32419496403547876,0.3811449567538969,0.42424364335549347,0.36271112980352005,0.25808892861080635,0.35007672451183913,0.05613771499191583,161
151,1.3037752151489257,0.25656864844845156,0.002730131149291992,0.0007484637661404408,0.1,2,5,0.1,"{'learning_rate': 0.1, 'max_depth': 2, 'min_child_weight': 5, 'subsample': 0.1}",0.28350720770577664,0.29768166908505356,0.36349342421915576,0.35562415817665904,0.20633679629261958,0.30132865109585294,0.056862673007668105,242
152,3.3095062732696534,1.0978498149281415,0.00325160026550293,0.0006696849219438532,0.1,2,10,1,"{'learning_rate': 0.1, 'max_depth': 2, 'min_child_weight': 10, 'subsample': 1}",0.30922143110101596,0.383624464179409,0.41298484946707004,0.36909803076502645,0.2766692099337623,0.3503195970892567,0.050004432552593236,159
153,2.5960707664489746,0.6153708034883033,0.0031700611114501955,0.0007440771878963863,0.1,2,10,0.7,"{'learning_rate': 0.1, 'max_depth': 2, 'min_child_weight': 10, 'subsample': 0.7}",0.3164185506666183,0.3995560993451521,0.4297969473689026,0.37854084144661826,0.27137529068870725,0.3591375459031997,0.05749786839550378,108
154,1.8328222751617431,0.401104612606395,0.0024664878845214845,0.00045514091513677635,0.1,2,10,0.4,"{'learning_rate': 0.1, 'max_depth': 2, 'min_child_weight': 10, 'subsample': 0.4}",0.30994740583504443,0.3961607625000675,0.4161270456539822,0.3841202425652682,0.2545569995041833,0.3521824912117092,0.06059299203334554,152
155,1.2470844268798829,0.2489965234861457,0.003147125244140625,0.0005536961957453043,0.1,2,10,0.1,"{'learning_rate': 0.1, 'max_depth': 2, 'min_child_weight': 10, 'subsample': 0.1}",0.27576692641063627,0.31464091928455096,0.3516659860788084,0.3458801916337362,0.2334956981237647,0.3042899443062993,0.04451239946850297,239
156,4.060913133621216,1.627363091327402,0.003430080413818359,0.0007257299321149785,0.1,3,1,1,"{'learning_rate': 0.1, 'max_depth': 3, 'min_child_weight': 1, 'subsample': 1}",0.29898952492970765,0.404199125469311,0.4193470907820588,0.37155211658967213,0.2869346267804187,0.35620449691023365,0.05403311741468291,124
157,2.934568977355957,0.7737192511339003,0.0037489891052246093,0.00048802843757502683,0.1,3,1,0.7,"{'learning_rate': 0.1, 'max_depth': 3, 'min_child_weight': 1, 'subsample': 0.7}",0.33661232935168794,0.4213367060841472,0.42704558316976404,0.3874562350712243,0.28007569675072996,0.3705053100855107,0.05548732516239121,67
158,1.9861595153808593,0.371143343091843,0.003112173080444336,0.0008832482316438786,0.1,3,1,0.4,"{'learning_rate': 0.1, 'max_depth': 3, 'min_child_weight': 1, 'subsample': 0.4}",0.3213254415382052,0.40260928823960185,0.41884077068833503,0.3885110256751213,0.24821831800466965,0.35590096882918665,0.06324163493103822,127
159,1.1767938137054443,0.2202342505926003,0.003176975250244141,0.0012149128022614518,0.1,3,1,0.1,"{'learning_rate': 0.1, 'max_depth': 3, 'min_child_weight': 1, 'subsample': 0.1}",0.2199138394350455,0.31976042643873226,0.3809240693962509,0.3314630935311117,0.20437441539528867,0.2912871688392858,0.06798173890993107,253
160,3.3166751861572266,0.8693953231651014,0.0031792163848876954,0.000659567072848989,0.1,3,5,1,"{'learning_rate': 0.1, 'max_depth': 3, 'min_child_weight': 5, 'subsample': 1}",0.32985533948632473,0.40797291141308045,0.4358347884885453,0.3810781700760598,0.2762276087244878,0.3661937636376996,0.05697596894447476,83
161,2.5143536567687987,0.29200642777078917,0.0029196739196777344,0.0003227376765612191,0.1,3,5,0.7,"{'learning_rate': 0.1, 'max_depth': 3, 'min_child_weight': 5, 'subsample': 0.7}",0.3335710770581253,0.4141158192884963,0.4265961408430867,0.39001398239930185,0.28737068698188695,0.3703335413141794,0.052352653626753946,69
162,1.4569613933563232,0.18071877809451886,0.002864837646484375,0.001013606927191636,0.1,3,5,0.4,"{'learning_rate': 0.1, 'max_depth': 3, 'min_child_weight': 5, 'subsample': 0.4}",0.32891181778121126,0.402148692646638,0.43384993185114784,0.37689813413324014,0.2604823319406899,0.3604581816705854,0.06063837619996143,100
163,1.2145378112792968,0.1672835500791092,0.0032355785369873047,0.0010838659963461408,0.1,3,5,0.1,"{'learning_rate': 0.1, 'max_depth': 3, 'min_child_weight': 5, 'subsample': 0.1}",0.25834327144161895,0.2885492183820283,0.41078681342686774,0.3261890157420214,0.2160250881563358,0.2999786814297744,0.06614796981829231,244
164,3.306721019744873,1.4188035249913864,0.0035079479217529296,0.0011663546507094918,0.1,3,10,1,"{'learning_rate': 0.1, 'max_depth': 3, 'min_child_weight': 10, 'subsample': 1}",0.31461121042771023,0.40346364263770185,0.4266289213621637,0.37165132670651135,0.28635861038227794,0.360542742303273,0.05281283640342193,99
165,2.8151618957519533,0.7065719745738643,0.0036387920379638674,0.000810357757201851,0.1,3,10,0.7,"{'learning_rate': 0.1, 'max_depth': 3, 'min_child_weight': 10, 'subsample': 0.7}",0.3360950522639623,0.4124952436580961,0.4154969564945945,0.38489777160143024,0.28790291603365614,0.36737758801034787,0.0488934634405528,79
166,1.7676513671875,0.24014704317703023,0.003005647659301758,0.00089029362364259,0.1,3,10,0.4,"{'learning_rate': 0.1, 'max_depth': 3, 'min_child_weight': 10, 'subsample': 0.4}",0.3067860725462497,0.421038895679816,0.4587107392602423,0.40742703984937867,0.24741592188082728,0.3682757338433028,0.07859177922373384,75
167,1.4627099990844727,0.2923661763043702,0.003747081756591797,0.0010327117043735198,0.1,3,10,0.1,"{'learning_rate': 0.1, 'max_depth': 3, 'min_child_weight': 10, 'subsample': 0.1}",0.29824031422837394,0.2997790338035168,0.3365770084105384,0.3109602000369447,0.23071419307503316,0.2952541499108814,0.03506866528709394,250
168,3.8895060062408446,0.8558700005298909,0.003869915008544922,0.0010843263410527878,0.1,5,1,1,"{'learning_rate': 0.1, 'max_depth': 5, 'min_child_weight': 1, 'subsample': 1}",0.3389236696213188,0.41657372233880785,0.436944707645603,0.4040578149164059,0.29125149048906396,0.37755028100223986,0.05420825139231626,44
169,3.90789155960083,0.9361636315125127,0.0033840656280517576,0.0015969563424944953,0.1,5,1,0.7,"{'learning_rate': 0.1, 'max_depth': 5, 'min_child_weight': 1, 'subsample': 0.7}",0.32418552955502256,0.43537033546587844,0.4149989052990025,0.41765778547108334,0.297808130377335,0.3780041372336644,0.05578484996937931,41
170,2.2205265522003175,0.18178036964201974,0.002917575836181641,0.00069910559825269,0.1,5,1,0.4,"{'learning_rate': 0.1, 'max_depth': 5, 'min_child_weight': 1, 'subsample': 0.4}",0.3134598132074662,0.39669561484710947,0.4338186351286516,0.35581354827570777,0.23878955870039165,0.34771543403186533,0.06770035846420121,182
171,1.8665194034576416,0.28200726919014624,0.0029917240142822267,0.0012360463639683628,0.1,5,1,0.1,"{'learning_rate': 0.1, 'max_depth': 5, 'min_child_weight': 1, 'subsample': 0.1}",0.22652764823017257,0.3076223559942266,0.33160999081898046,0.30007438066230985,0.17216491402263057,0.267599857945664,0.05924263164088276,267
172,3.3499817848205566,0.8116819586610398,0.004063034057617187,0.0008240971429984851,0.1,5,5,1,"{'learning_rate': 0.1, 'max_depth': 5, 'min_child_weight': 5, 'subsample': 1}",0.34051942218416853,0.4283205924813194,0.4239437319892517,0.40251461055436966,0.30831233378411116,0.38072213819864414,0.047891688259168244,33
173,3.2126190185546877,0.6396612918726575,0.0030851840972900392,0.0006792017898489052,0.1,5,5,0.7,"{'learning_rate': 0.1, 'max_depth': 5, 'min_child_weight': 5, 'subsample': 0.7}",0.30357166722667495,0.4288118421819348,0.4257096646195824,0.4247003784818204,0.3173669671810557,0.38003210393821363,0.056981180946943565,34
174,2.1358641624450683,0.40080812512604563,0.0030506610870361327,0.0006461354037581161,0.1,5,5,0.4,"{'learning_rate': 0.1, 'max_depth': 5, 'min_child_weight': 5, 'subsample': 0.4}",0.30787797877984724,0.41552158046620735,0.4048642619214442,0.3809686896156159,0.22569557515797067,0.3469856171882171,0.07133392834799122,186
175,1.4248032569885254,0.2076209918175243,0.0034716129302978516,0.000709826478871553,0.1,5,5,0.1,"{'learning_rate': 0.1, 'max_depth': 5, 'min_child_weight': 5, 'subsample': 0.1}",0.25066249248004857,0.31043893338871775,0.3528480102159677,0.27142692131079016,0.22263864317462623,0.28160300011403006,0.045705635306782615,257
176,3.7020265579223635,1.8670222534205039,0.0037147998809814453,0.00036092752307386784,0.1,5,10,1,"{'learning_rate': 0.1, 'max_depth': 5, 'min_child_weight': 10, 'subsample': 1}",0.3332660919148366,0.40904984796290356,0.41792333633225587,0.38969155505055153,0.29183185663933986,0.3683525375799775,0.048281180824383985,74
177,3.0810322761535645,0.4356865462875002,0.0031613826751708983,0.00018448899284501533,0.1,5,10,0.7,"{'learning_rate': 0.1, 'max_depth': 5, 'min_child_weight': 10, 'subsample': 0.7}",0.335818713704066,0.4128668449837207,0.4313566881762857,0.3983308710645288,0.265852309311435,0.3688450854480073,0.0606848918736597,73
178,2.5781410217285154,0.47321521276167067,0.003170490264892578,0.0009100571269865392,0.1,5,10,0.4,"{'learning_rate': 0.1, 'max_depth': 5, 'min_child_weight': 10, 'subsample': 0.4}",0.3067412239856139,0.40401870893935155,0.41141679382010665,0.38769219010626965,0.2657920495453928,0.355132193279347,0.05820884512918734,130
179,1.4316984176635743,0.18083270510021848,0.0036703109741210937,0.0006729717131358444,0.1,5,10,0.1,"{'learning_rate': 0.1, 'max_depth': 5, 'min_child_weight': 10, 'subsample': 0.1}",0.2514638591951499,0.30885059825590955,0.38571328829868523,0.2961034161124463,0.24152937709268862,0.29673210779097586,0.05130586585645353,247
180,4.461517429351806,0.21994821159521813,0.003416156768798828,0.0008204553814878391,0.1,7,1,1,"{'learning_rate': 0.1, 'max_depth': 7, 'min_child_weight': 1, 'subsample': 1}",0.31789803982222675,0.43663186318719305,0.4374286139767949,0.3922912371640631,0.30258488693613883,0.37736692821728335,0.05739577684101744,47
181,4.652284574508667,1.1753465763246445,0.002972984313964844,0.0006200199464256903,0.1,7,1,0.7,"{'learning_rate': 0.1, 'max_depth': 7, 'min_child_weight': 1, 'subsample': 0.7}",0.31706385043782426,0.42266346982558134,0.4275416536910903,0.37728432969717407,0.30610909998244784,0.3701324807268236,0.05103281239069508,70
182,3.205298662185669,0.33347855894323025,0.0024582386016845704,0.0004275735170987059,0.1,7,1,0.4,"{'learning_rate': 0.1, 'max_depth': 7, 'min_child_weight': 1, 'subsample': 0.4}",0.31576516348067263,0.3892649324316655,0.4112744047370277,0.3729219733305543,0.2450249161320952,0.3468502780224031,0.059939791421066715,187
183,2.0144112586975096,0.32453246343408654,0.002570772171020508,0.0007323821157601322,0.1,7,1,0.1,"{'learning_rate': 0.1, 'max_depth': 7, 'min_child_weight': 1, 'subsample': 0.1}",0.2173007915121129,0.29051670999952683,0.3289236379189493,0.34920224586551507,0.1854418080672181,0.27427703867266445,0.06324832858519387,264
184,4.032940435409546,1.4456170884468402,0.0034935474395751953,0.0009120822325976942,0.1,7,5,1,"{'learning_rate': 0.1, 'max_depth': 7, 'min_child_weight': 5, 'subsample': 1}",0.3191466836531588,0.41624122894552695,0.42368056138381216,0.37212872351553605,0.2703457515574892,0.36030858981110464,0.058432520478832524,101
185,4.661823987960815,1.0567851244258633,0.006970882415771484,0.008352310963972966,0.1,7,5,0.7,"{'learning_rate': 0.1, 'max_depth': 7, 'min_child_weight': 5, 'subsample': 0.7}",0.3389029349102033,0.40501365505225906,0.41230743440649764,0.3798031444591221,0.3278138339424316,0.37276820055410276,0.0341185054765364,59
186,3.007373094558716,0.5973907886976103,0.003025197982788086,0.0005945457181485164,0.1,7,5,0.4,"{'learning_rate': 0.1, 'max_depth': 7, 'min_child_weight': 5, 'subsample': 0.4}",0.3073931198651636,0.40171758018547254,0.4334349170391295,0.37641447601005085,0.23510782328547364,0.3508135832770581,0.07119840860684384,156
187,1.8961591720581055,0.3745964254277332,0.0029021263122558593,0.0008333360473459901,0.1,7,5,0.1,"{'learning_rate': 0.1, 'max_depth': 7, 'min_child_weight': 5, 'subsample': 0.1}",0.2521382971887568,0.27549963247244147,0.34260800229547683,0.2962193106563411,0.20345642767464023,0.2739843340575313,0.04616780926509978,265
188,3.5821192264556885,0.9321539570416376,0.003930234909057617,0.0006094973256168197,0.1,7,10,1,"{'learning_rate': 0.1, 'max_depth': 7, 'min_child_weight': 10, 'subsample': 1}",0.32448560438575147,0.42782800139713706,0.4334586236303285,0.3918200575066022,0.3023011288893923,0.3759786831618423,0.05352226389880554,53
189,4.101395225524902,0.837181333240518,0.0030544281005859377,0.0008411942192519845,0.1,7,10,0.7,"{'learning_rate': 0.1, 'max_depth': 7, 'min_child_weight': 10, 'subsample': 0.7}",0.29011189149083527,0.4181435135148307,0.4186406118372622,0.3872747311613606,0.2986942064585696,0.36257299089257167,0.056873450928336046,97
190,2.4866710186004637,0.3658543300028804,0.0024791717529296874,0.00038849736762851695,0.1,7,10,0.4,"{'learning_rate': 0.1, 'max_depth': 7, 'min_child_weight': 10, 'subsample': 0.4}",0.2998526380168899,0.41371550367376253,0.4233322453148819,0.3967106197625221,0.26465808656463663,0.3596538186665386,0.06473203942154807,106
191,1.5065549850463866,0.18535317588182162,0.0029611587524414062,0.0004802308433682738,0.1,7,10,0.1,"{'learning_rate': 0.1, 'max_depth': 7, 'min_child_weight': 10, 'subsample': 0.1}",0.2660052994372012,0.2960716009477632,0.379473111892933,0.3068820971193926,0.2181892741307152,0.2933242767056011,0.05292367942597666,251
192,6.249535751342774,0.6846760114609022,0.0028566360473632813,0.0006663142105343842,0.1,9,1,1,"{'learning_rate': 0.1, 'max_depth': 9, 'min_child_weight': 1, 'subsample': 1}",0.2971403079099143,0.4053856596539721,0.41714566891264016,0.40871146525613955,0.25801085880103425,0.3572787921067401,0.06635419108883872,119
193,7.144443368911743,2.1031312571711815,0.0031937122344970702,0.0008244510687037894,0.1,9,1,0.7,"{'learning_rate': 0.1, 'max_depth': 9, 'min_child_weight': 1, 'subsample': 0.7}",0.31979729321986317,0.40693014656372195,0.42271515018121364,0.37245648775644336,0.2922340054751311,0.3628266166392747,0.049918597024031286,96
194,3.8768784523010256,0.35253480999844256,0.0022943496704101564,0.00021239669493584875,0.1,9,1,0.4,"{'learning_rate': 0.1, 'max_depth': 9, 'min_child_weight': 1, 'subsample': 0.4}",0.2838678838593629,0.3956817400702367,0.40918935996263905,0.34390972819639076,0.25235006871695365,0.3369997561611166,0.061141192799525304,204
195,2.3485135078430175,0.3251206889676499,0.0032656192779541016,0.0008022304154892431,0.1,9,1,0.1,"{'learning_rate': 0.1, 'max_depth': 9, 'min_child_weight': 1, 'subsample': 0.1}",0.2640879806163384,0.30562925280814457,0.3263920167277047,0.28203145803945806,0.20228883919020502,0.2760859094763702,0.0424942842967604,261
196,5.383907842636108,0.8439852837461757,0.003077268600463867,0.0007810122204447302,0.1,9,5,1,"{'learning_rate': 0.1, 'max_depth': 9, 'min_child_weight': 5, 'subsample': 1}",0.303775333777041,0.39089927893522525,0.41512279402605834,0.3631611855791156,0.28236831265629436,0.35106538099474693,0.0505806995643409,155
197,4.6065257549285885,0.5274954065041795,0.0030981063842773437,0.0006739440622570588,0.1,9,5,0.7,"{'learning_rate': 0.1, 'max_depth': 9, 'min_child_weight': 5, 'subsample': 0.7}",0.33608313181804905,0.3947243591146694,0.42394813248467933,0.40319361020274624,0.28904394524047716,0.3693986357721243,0.04965065809298677,71
198,3.8659761905670167,0.474050827965351,0.0033269882202148437,0.0007800670814802467,0.1,9,5,0.4,"{'learning_rate': 0.1, 'max_depth': 9, 'min_child_weight': 5, 'subsample': 0.4}",0.2964230463633598,0.38060513619623304,0.4288878310318802,0.3775814877710232,0.2439815949444064,0.3454958192613805,0.06622636433483482,189
199,2.4434571743011473,0.48703806930540605,0.0031978607177734373,0.000592235463049366,0.1,9,5,0.1,"{'learning_rate': 0.1, 'max_depth': 9, 'min_child_weight': 5, 'subsample': 0.1}",0.23041982809119788,0.28887490557869777,0.3369258213156402,0.24401702438174577,0.235588893290968,0.26716529453164994,0.04054868466218305,268
200,4.93466534614563,0.5901705691727593,0.0029180049896240234,0.0004067629465570367,0.1,9,10,1,"{'learning_rate': 0.1, 'max_depth': 9, 'min_child_weight': 10, 'subsample': 1}",0.28573933648485983,0.3979809174256572,0.4074109029112791,0.39462737515323354,0.27907868960577553,0.3529674443161611,0.057801417521988016,143
201,4.570411634445191,0.37829323493975614,0.0034595012664794924,0.0005301394464539062,0.1,9,10,0.7,"{'learning_rate': 0.1, 'max_depth': 9, 'min_child_weight': 10, 'subsample': 0.7}",0.2807414498398181,0.40579397080236135,0.42078361109137097,0.39704047291123246,0.3134617642085479,0.36356425377066615,0.05576367529495995,94
202,3.030733251571655,0.5446586211995306,0.002713584899902344,0.0006230434778938445,0.1,9,10,0.4,"{'learning_rate': 0.1, 'max_depth': 9, 'min_child_weight': 10, 'subsample': 0.4}",0.275096710188273,0.4091698672294988,0.417512503552222,0.3571337825901053,0.24775337788886465,0.3413332482897927,0.06899161370719367,196
203,1.6900273323059083,0.20426237146696039,0.0025732040405273436,0.0003136928396152593,0.1,9,10,0.1,"{'learning_rate': 0.1, 'max_depth': 9, 'min_child_weight': 10, 'subsample': 0.1}",0.2652563875906704,0.2966188803844657,0.36781434964957704,0.2584716251839654,0.2181892741307152,0.2812701033878787,0.04996176986079642,258
204,10.416827058792114,2.057844377229871,0.004700660705566406,0.0003099681038038785,0.1,11,1,1,"{'learning_rate': 0.1, 'max_depth': 11, 'min_child_weight': 1, 'subsample': 1}",0.28682555860425674,0.4055059469372527,0.3494902374234543,0.35260585280860046,0.22248000634657616,0.3233815204240281,0.06292472014160562,224
205,8.22165298461914,1.4483152783518942,0.004179668426513672,0.0010717560713675643,0.1,11,1,0.7,"{'learning_rate': 0.1, 'max_depth': 11, 'min_child_weight': 1, 'subsample': 0.7}",0.3130456148297276,0.43093885067133975,0.426184496611679,0.3833994282260257,0.27187285790844185,0.3650882496494427,0.06293154599258725,90
206,4.7320221900939945,0.6173695444102446,0.0023679256439208983,0.00032079566325,0.1,11,1,0.4,"{'learning_rate': 0.1, 'max_depth': 11, 'min_child_weight': 1, 'subsample': 0.4}",0.27186916155700247,0.4118328278545229,0.41384622051194675,0.3514377320132701,0.23249818746523487,0.33629682588039544,0.07331292451879005,206
207,2.5479769706726074,0.15701473379602857,0.0026655197143554688,0.0004050601010744398,0.1,11,1,0.1,"{'learning_rate': 0.1, 'max_depth': 11, 'min_child_weight': 1, 'subsample': 0.1}",0.22829438801206658,0.28267030406881777,0.2979415375892239,0.2965561187148874,0.1626622745527433,0.2536249245875478,0.05208939137848846,272
208,7.845875835418701,1.5559869523242327,0.003920221328735351,0.0006708995720695497,0.1,11,5,1,"{'learning_rate': 0.1, 'max_depth': 11, 'min_child_weight': 5, 'subsample': 1}",0.29579224682131056,0.40044954168219127,0.39165628063930047,0.3544398868335773,0.25784514596391017,0.34003662038805793,0.055199216531350716,200
209,6.655623960494995,1.9468383543161536,0.003157186508178711,0.0009541208104156351,0.1,11,5,0.7,"{'learning_rate': 0.1, 'max_depth': 11, 'min_child_weight': 5, 'subsample': 0.7}",0.28017905691294276,0.43676124591064813,0.40061549051508916,0.34983485392727565,0.29364742234516783,0.35220761392222466,0.06019248832045133,150
210,5.375163316726685,1.4969632046194203,0.002884674072265625,0.0003492211068557088,0.1,11,5,0.4,"{'learning_rate': 0.1, 'max_depth': 11, 'min_child_weight': 5, 'subsample': 0.4}",0.25823261503874106,0.37798512319279065,0.4132850654822141,0.37947002565172516,0.21365544012436988,0.3285256538979682,0.07792560977352063,215
211,2.429748773574829,0.5611799641566868,0.002758312225341797,0.00047062784935129556,0.1,11,5,0.1,"{'learning_rate': 0.1, 'max_depth': 11, 'min_child_weight': 5, 'subsample': 0.1}",0.25336332873522194,0.27944585659170906,0.3756610607216422,0.2784931192469491,0.18751486592479238,0.27489564624406293,0.060475377547492534,262
212,5.493092060089111,0.7579285990785173,0.002912425994873047,0.00035593767032335516,0.1,11,10,1,"{'learning_rate': 0.1, 'max_depth': 11, 'min_child_weight': 10, 'subsample': 1}",0.27241051550009554,0.3889162853375584,0.40841617028851107,0.3812584907010039,0.2912198718430207,0.3484442667340379,0.05543852360532892,177
213,4.974988126754761,1.4788932866862654,0.0027249813079833984,0.00044437277295363367,0.1,11,10,0.7,"{'learning_rate': 0.1, 'max_depth': 11, 'min_child_weight': 10, 'subsample': 0.7}",0.2679556718725472,0.40319444323238374,0.43059311863175687,0.3957638078542881,0.30286138769143134,0.3600736858564814,0.06303197678243519,102
214,2.645260143280029,0.27208891818975184,0.0026191234588623046,0.00047598642753268706,0.1,11,10,0.4,"{'learning_rate': 0.1, 'max_depth': 11, 'min_child_weight': 10, 'subsample': 0.4}",0.24181379147265747,0.40746891145468145,0.40917345470470623,0.3751982837387683,0.23354490470152556,0.3334398692144678,0.07916310037787071,210
215,1.5298777103424073,0.3600397882138908,0.003015756607055664,0.0006495547983812392,0.1,11,10,0.1,"{'learning_rate': 0.1, 'max_depth': 11, 'min_child_weight': 10, 'subsample': 0.1}",0.2652563875906704,0.2966188803844657,0.36781434964957704,0.2584716251839654,0.2181892741307152,0.2812701033878787,0.04996176986079642,258
216,1.7444339275360108,0.36770612047409357,0.002319145202636719,0.0002200739299430914,0.2,2,1,1,"{'learning_rate': 0.2, 'max_depth': 2, 'min_child_weight': 1, 'subsample': 1}",0.2857233920894533,0.40227348263300566,0.41956743853902745,0.37011119617124677,0.24839714726679285,0.3452145313399052,0.06680826918792473,190
217,1.7444053649902345,0.27318812809227944,0.002700471878051758,0.0004850528719112562,0.2,2,1,0.7,"{'learning_rate': 0.2, 'max_depth': 2, 'min_child_weight': 1, 'subsample': 0.7}",0.33941508184308533,0.3724410742371257,0.43296852571989697,0.37605286748596156,0.2206371550911599,0.3483029408754459,0.07056701221424427,180
218,1.0796406745910645,0.3672125494438513,0.003041791915893555,0.0009979424512430118,0.2,2,1,0.4,"{'learning_rate': 0.2, 'max_depth': 2, 'min_child_weight': 1, 'subsample': 0.4}",0.2991652442249766,0.33014192712741197,0.4315298892745222,0.2938321261947987,0.2353059900197797,0.3179950353682979,0.06451913741796693,233
219,0.6777888298034668,0.11883605024753079,0.003117799758911133,0.0006360136705960123,0.2,2,1,0.1,"{'learning_rate': 0.2, 'max_depth': 2, 'min_child_weight': 1, 'subsample': 0.1}",0.20554235101189444,0.29122671868413386,0.33301266448349254,0.29238184937378,0.12406704502066812,0.24924612571479382,0.07512618188839087,273
220,1.8712305545806884,0.479985196054533,0.00431675910949707,0.0003229100043456001,0.2,2,5,1,"{'learning_rate': 0.2, 'max_depth': 2, 'min_child_weight': 5, 'subsample': 1}",0.2747597835672718,0.3929567736533196,0.4323554895152443,0.3873296844487176,0.25881548676570165,0.349243443590051,0.06927345831074325,166
221,1.7966652870178224,0.3801912827428695,0.0030745983123779295,0.0010311624372604594,0.2,2,5,0.7,"{'learning_rate': 0.2, 'max_depth': 2, 'min_child_weight': 5, 'subsample': 0.7}",0.3248013707188213,0.38190149503628523,0.429384086724531,0.358007290334442,0.2485598947223101,0.34853082750727793,0.060494510240963625,174
222,1.085023546218872,0.4037390272565287,0.0031900882720947267,0.0005980033679047507,0.2,2,5,0.4,"{'learning_rate': 0.2, 'max_depth': 2, 'min_child_weight': 5, 'subsample': 0.4}",0.3175350650409161,0.3565092480668193,0.38531232269482896,0.3053167039633583,0.25819971107484296,0.32457461016815314,0.04366907417688226,221
223,0.7047989368438721,0.06473101081498456,0.003465557098388672,0.000713521421962913,0.2,2,5,0.1,"{'learning_rate': 0.2, 'max_depth': 2, 'min_child_weight': 5, 'subsample': 0.1}",0.23100552663996132,0.28386403531896987,0.29489881851203736,0.2666842346421956,0.14703601667141164,0.24469772635691517,0.05340944079400462,274
224,1.4711095809936523,0.20053999280606122,0.003303861618041992,0.0006250803107893042,0.2,2,10,1,"{'learning_rate': 0.2, 'max_depth': 2, 'min_child_weight': 10, 'subsample': 1}",0.2882832821411999,0.4001537426707428,0.41705799124080967,0.372540789962878,0.258364610078364,0.3472800832187989,0.06275231871119327,184
225,1.8694088935852051,0.6535667488543783,0.0028893470764160155,0.0008388030428040467,0.2,2,10,0.7,"{'learning_rate': 0.2, 'max_depth': 2, 'min_child_weight': 10, 'subsample': 0.7}",0.3155582240922117,0.3866873028044221,0.42573324226506837,0.3889337705070749,0.25574889684940927,0.35453228730363723,0.060932944929180166,134
226,0.9558748245239258,0.3156555843311321,0.0029546260833740235,0.0005584911037868807,0.2,2,10,0.4,"{'learning_rate': 0.2, 'max_depth': 2, 'min_child_weight': 10, 'subsample': 0.4}",0.28464466812514233,0.36589716548759443,0.41242374417158245,0.33197747347578355,0.26602344245432574,0.3321932987428857,0.05331462040125461,211
227,0.8136599063873291,0.287271690756777,0.0029705047607421877,0.0008822299352861123,0.2,2,10,0.1,"{'learning_rate': 0.2, 'max_depth': 2, 'min_child_weight': 10, 'subsample': 0.1}",0.22578910530055085,0.3251028268779824,0.31148007915253195,0.2283893755036459,0.23096661092244486,0.26434559955143117,0.04428704103519111,270
228,2.287129545211792,0.8473954318097554,0.003216457366943359,0.0008400916105935707,0.2,3,1,1,"{'learning_rate': 0.2, 'max_depth': 3, 'min_child_weight': 1, 'subsample': 1}",0.325211785564143,0.3972986078362196,0.4091322540968877,0.3761590252032577,0.2657486891169921,0.35471007236350005,0.052952604146508785,133
229,1.6208004474639892,0.5952171362077233,0.0035735130310058593,0.0008387909421873747,0.2,3,1,0.7,"{'learning_rate': 0.2, 'max_depth': 3, 'min_child_weight': 1, 'subsample': 0.7}",0.27516531735266536,0.404949435042561,0.4172521088861817,0.4038812074246114,0.2912227519832107,0.358494164137846,0.06187036700072268,110
230,0.9638618469238281,0.11811200646810535,0.003143930435180664,0.0005458738109963107,0.2,3,1,0.4,"{'learning_rate': 0.2, 'max_depth': 3, 'min_child_weight': 1, 'subsample': 0.4}",0.313281542746472,0.3845770637722741,0.40164572538821575,0.38238534369873645,0.26402655311375556,0.34918324574389076,0.05224558930948886,168
231,0.8959692478179931,0.1568852959881209,0.003485965728759766,0.0009537454864648717,0.2,3,1,0.1,"{'learning_rate': 0.2, 'max_depth': 3, 'min_child_weight': 1, 'subsample': 0.1}",0.18407185619675603,0.3198939653667038,0.25960913297935195,0.24227015675731522,0.17932930790716606,0.2370348838414586,0.05203392737253712,277
232,1.810387945175171,0.38541631377337215,0.0035112857818603515,0.0008225824734125393,0.2,3,5,1,"{'learning_rate': 0.2, 'max_depth': 3, 'min_child_weight': 5, 'subsample': 1}",0.3150509074850877,0.41123654565245515,0.4246020051729683,0.36717803269850013,0.2588164131995474,0.35537678084171176,0.0616470521841493,128
233,1.3750550746917725,0.22009994313209713,0.003598737716674805,0.0007965419705739786,0.2,3,5,0.7,"{'learning_rate': 0.2, 'max_depth': 3, 'min_child_weight': 5, 'subsample': 0.7}",0.30144444096220824,0.4059415404306198,0.41560677841312477,0.4078226154947393,0.3039335695029671,0.3669497889607318,0.052574598020899206,81
234,1.1843930244445802,0.42803146258249,0.003026723861694336,0.0010704996007056817,0.2,3,5,0.4,"{'learning_rate': 0.2, 'max_depth': 3, 'min_child_weight': 5, 'subsample': 0.4}",0.3170035574948368,0.37828172868775556,0.41512191353393346,0.38749458774774526,0.25383515892815844,0.35034738927848597,0.057935140269230974,158
235,0.7533575534820557,0.0360356812023616,0.0036230564117431642,0.0008297436169235957,0.2,3,5,0.1,"{'learning_rate': 0.2, 'max_depth': 3, 'min_child_weight': 5, 'subsample': 0.1}",0.20563722150702235,0.3227909623933577,0.2749786748655083,0.2259243776974854,0.17019568525660267,0.23990538434399528,0.05353386299251956,276
236,2.037422609329224,0.7589496009879172,0.002581787109375,0.0004362424272593151,0.2,3,10,1,"{'learning_rate': 0.2, 'max_depth': 3, 'min_child_weight': 10, 'subsample': 1}",0.32282979022445957,0.4053820768772931,0.42930831830032834,0.38527580061622124,0.2744204421304842,0.36344328562975736,0.05683000285828984,95
237,1.6337143421173095,0.4788030968612374,0.0026282310485839845,0.0007508652636657053,0.2,3,10,0.7,"{'learning_rate': 0.2, 'max_depth': 3, 'min_child_weight': 10, 'subsample': 0.7}",0.29933434885090526,0.4050287656913414,0.4070721164599237,0.3742169982675402,0.27886047429143324,0.35290254071222876,0.05377280194910538,144
238,1.02242169380188,0.14151523908246488,0.0033993244171142576,0.0008822621246880451,0.2,3,10,0.4,"{'learning_rate': 0.2, 'max_depth': 3, 'min_child_weight': 10, 'subsample': 0.4}",0.3030389355090829,0.4002397642832233,0.40714988726251466,0.3867674621802021,0.2450510305768565,0.3484494159623759,0.0637959183825045,176
239,0.9018538475036622,0.14769935778113255,0.0029055118560791016,0.001333586641084758,0.2,3,10,0.1,"{'learning_rate': 0.2, 'max_depth': 3, 'min_child_weight': 10, 'subsample': 0.1}",0.24083089141495084,0.3487976328157434,0.2538727145923253,0.2955303741283859,0.1901431084656492,0.2658349442834109,0.05340819759303748,269
240,2.0012754440307616,0.15037835969556995,0.003924798965454101,0.0010044036643018577,0.2,5,1,1,"{'learning_rate': 0.2, 'max_depth': 5, 'min_child_weight': 1, 'subsample': 1}",0.2920342865120199,0.387970128974501,0.43709660260933336,0.3753389543917881,0.25370967173892756,0.349229928845314,0.06678098187205214,167
241,1.7801519870758056,0.19248462073671138,0.003209686279296875,0.0005207925111860087,0.2,5,1,0.7,"{'learning_rate': 0.2, 'max_depth': 5, 'min_child_weight': 1, 'subsample': 0.7}",0.28877694402235854,0.4063945610960238,0.4162376676268271,0.4020555526731876,0.27076053308141546,0.3568450516999625,0.06335682715362768,121
242,1.704603385925293,0.3037488484762953,0.002532339096069336,0.00045877530154164313,0.2,5,1,0.4,"{'learning_rate': 0.2, 'max_depth': 5, 'min_child_weight': 1, 'subsample': 0.4}",0.25802387603042765,0.3636376555662042,0.3985161628881272,0.2912527095869263,0.2049307484026507,0.3032722304948671,0.07011179753289003,240
243,1.1179868698120117,0.19734656758180646,0.0032869815826416016,0.0009744304894488264,0.2,5,1,0.1,"{'learning_rate': 0.2, 'max_depth': 5, 'min_child_weight': 1, 'subsample': 0.1}",0.15884915002668554,0.2141799543211187,0.2605918855236842,0.2394673370506053,0.12227589366811842,0.19907284411804244,0.05130350759587295,282
244,2.268174982070923,0.8263533148663718,0.0030397891998291014,0.0005630942402017016,0.2,5,5,1,"{'learning_rate': 0.2, 'max_depth': 5, 'min_child_weight': 5, 'subsample': 1}",0.3176806517986561,0.41891003224596035,0.4314619208850703,0.3940943973596248,0.27842353964660693,0.36811410838718367,0.05975964910957995,77
245,1.7543830394744873,0.08936165706409227,0.0034847259521484375,0.0010719175333785784,0.2,5,5,0.7,"{'learning_rate': 0.2, 'max_depth': 5, 'min_child_weight': 5, 'subsample': 0.7}",0.26905997625567235,0.4073462340574927,0.4250426659054064,0.3757719856748819,0.2644981482694001,0.3483438020325707,0.06845776310536407,179
246,1.5085559844970704,0.1685756646077199,0.0030376434326171873,0.0010463492063095283,0.2,5,5,0.4,"{'learning_rate': 0.2, 'max_depth': 5, 'min_child_weight': 5, 'subsample': 0.4}",0.23619402508440823,0.3734960553562865,0.3631711530928662,0.348218786614372,0.18223518108284287,0.30066304024615514,0.0770128210316423,243
247,1.0070889949798585,0.10971731618238861,0.004204654693603515,0.0009013001418368598,0.2,5,5,0.1,"{'learning_rate': 0.2, 'max_depth': 5, 'min_child_weight': 5, 'subsample': 0.1}",0.1943627645835846,0.3091056320610184,0.3120124811190277,0.18329515203224955,0.08615229685593107,0.21698566533036226,0.08518262806493504,281
248,1.9310708522796631,0.28940430453625554,0.003535556793212891,0.0005120553827879625,0.2,5,10,1,"{'learning_rate': 0.2, 'max_depth': 5, 'min_child_weight': 10, 'subsample': 1}",0.29794243713978796,0.38696730354803954,0.4208365423521968,0.38074758118534446,0.2485529771602445,0.34700936827712264,0.06369706416509668,185
249,1.6669938564300537,0.08927455193043923,0.0029296398162841795,0.0006089965001369548,0.2,5,10,0.7,"{'learning_rate': 0.2, 'max_depth': 5, 'min_child_weight': 10, 'subsample': 0.7}",0.31460148032655244,0.38519940305319433,0.42071454785736306,0.3992525970663475,0.24584764326762643,0.35312313431421677,0.06436981022188643,142
250,1.252695655822754,0.12684169083932206,0.003035736083984375,0.0007902857789547684,0.2,5,10,0.4,"{'learning_rate': 0.2, 'max_depth': 5, 'min_child_weight': 10, 'subsample': 0.4}",0.31838681652538425,0.3720653124525638,0.42756621013526297,0.36563087900632973,0.21671845066785944,0.34007353375748006,0.07073670963275526,199
251,0.9521801471710205,0.1219817986841727,0.0026984214782714844,0.000669201802860764,0.2,5,10,0.1,"{'learning_rate': 0.2, 'max_depth': 5, 'min_child_weight': 10, 'subsample': 0.1}",0.18060101791344618,0.26508113142256573,0.3140900390189727,0.2736143369903642,0.18990825710162107,0.24465895648939395,0.05133656219155385,275
252,3.0104530811309815,0.4144188357962538,0.0029729366302490234,0.0005752040726400097,0.2,7,1,1,"{'learning_rate': 0.2, 'max_depth': 7, 'min_child_weight': 1, 'subsample': 1}",0.29485114087690645,0.3896899535502425,0.4254513300861341,0.3795812751997728,0.2979808617286106,0.3575109122883333,0.052170040941316956,118
253,2.710765171051025,0.3674332033829495,0.0033008098602294923,0.00103785348203272,0.2,7,1,0.7,"{'learning_rate': 0.2, 'max_depth': 7, 'min_child_weight': 1, 'subsample': 0.7}",0.30422866304845686,0.39587135633587833,0.40667133546683665,0.3481679484216287,0.24978858363995293,0.34094557738255066,0.05838939701558014,198
254,1.8578326225280761,0.1711840446198296,0.0030470848083496093,0.0006482483682834074,0.2,7,1,0.4,"{'learning_rate': 0.2, 'max_depth': 7, 'min_child_weight': 1, 'subsample': 0.4}",0.20524886706719314,0.3842592832482119,0.3740572421409306,0.3409279547500318,0.17330045296597518,0.29555876003446857,0.08853375486848371,249
255,1.4506420612335205,0.15073181306945552,0.00248570442199707,0.0007694922819426219,0.2,7,1,0.1,"{'learning_rate': 0.2, 'max_depth': 7, 'min_child_weight': 1, 'subsample': 0.1}",0.07899094010774699,0.23225707351255864,0.2253561557742798,0.19219939656432694,0.0928854287777362,0.16433779894732972,0.0655775325332323,286
256,3.4057770729064942,0.9144128174350079,0.0032811641693115236,0.0008430596713311374,0.2,7,5,1,"{'learning_rate': 0.2, 'max_depth': 7, 'min_child_weight': 5, 'subsample': 1}",0.33715280450764284,0.4203176171160211,0.39597704681426515,0.3570450885818822,0.24292938821178522,0.35068438904631927,0.06121260292235721,157
257,2.3974115371704103,0.2129880522685184,0.0027024269104003905,0.00046001935063752784,0.2,7,5,0.7,"{'learning_rate': 0.2, 'max_depth': 7, 'min_child_weight': 5, 'subsample': 0.7}",0.2723297470672398,0.3526833382843495,0.43039794152752175,0.35027771014370634,0.2700109938718579,0.33513994617893506,0.05966223214616957,209
258,1.6774391651153564,0.09726713118181095,0.002837848663330078,0.0003987434347019363,0.2,7,5,0.4,"{'learning_rate': 0.2, 'max_depth': 7, 'min_child_weight': 5, 'subsample': 0.4}",0.2266687627227203,0.3532593460369017,0.3921848867920963,0.3223207727843066,0.16732305617274779,0.2923513649017545,0.08309146993580588,252
259,1.1341031074523926,0.04048935394607472,0.003841686248779297,0.0006169134503742984,0.2,7,5,0.1,"{'learning_rate': 0.2, 'max_depth': 7, 'min_child_weight': 5, 'subsample': 0.1}",0.151793808554612,0.23556094250076176,0.19471150731967735,0.14548378167003884,0.13119608380493397,0.1717492247700048,0.03829321380960552,284
260,2.464229869842529,0.5298592271015669,0.0040686607360839845,0.0008538117903640218,0.2,7,10,1,"{'learning_rate': 0.2, 'max_depth': 7, 'min_child_weight': 10, 'subsample': 1}",0.2615628699604162,0.39708945798422013,0.3968503054330975,0.3950829460189451,0.2948178805696623,0.3490806919932683,0.05883333550390524,169
261,2.519256067276001,0.5214149303943428,0.0028071880340576174,0.0004057661312628813,0.2,7,10,0.7,"{'learning_rate': 0.2, 'max_depth': 7, 'min_child_weight': 10, 'subsample': 0.7}",0.26230692106092834,0.3778035428788584,0.404341703325357,0.3451451185953689,0.25986661872448225,0.329892780916999,0.059232134535374924,214
262,1.7048652648925782,0.247978370854778,0.0027179718017578125,0.0006800588627022501,0.2,7,10,0.4,"{'learning_rate': 0.2, 'max_depth': 7, 'min_child_weight': 10, 'subsample': 0.4}",0.20076431572229558,0.38947641518587817,0.3792679884992446,0.34444473944690845,0.16893912843046943,0.2965785174569592,0.0929848569568219,248
263,0.9544634819030762,0.10085981945548078,0.0027246475219726562,0.0008300159788052396,0.2,7,10,0.1,"{'learning_rate': 0.2, 'max_depth': 7, 'min_child_weight': 10, 'subsample': 0.1}",0.17919151771458053,0.3204220104865162,0.21877662069968906,0.2824894722243536,0.13719077159893422,0.22761407854481472,0.06666909412963536,278
264,4.788899612426758,1.202090310547415,0.0024977684020996093,0.0003507577186501875,0.2,9,1,1,"{'learning_rate': 0.2, 'max_depth': 9, 'min_child_weight': 1, 'subsample': 1}",0.2767787203325224,0.38999695433543824,0.39990495908488277,0.4002644611448366,0.2533881612908051,0.344066651237697,0.0650168553358198,192
265,3.3379815578460694,0.30299389252773307,0.0032692432403564455,0.00047270323764499666,0.2,9,1,0.7,"{'learning_rate': 0.2, 'max_depth': 9, 'min_child_weight': 1, 'subsample': 0.7}",0.2864492092758908,0.41409451218432936,0.3805924337807586,0.33815883490759235,0.26546653049220303,0.3369523041281548,0.055709272690257286,205
266,2.5630563735961913,0.19064244018854098,0.0024834632873535155,0.0005398286630408734,0.2,9,1,0.4,"{'learning_rate': 0.2, 'max_depth': 9, 'min_child_weight': 1, 'subsample': 0.4}",0.2185050652867162,0.35468496403073746,0.3495703837782086,0.29367491750613983,0.12480135405289972,0.2682473369309403,0.08692813902672683,266
267,1.4442930221557617,0.10543688768517925,0.002960395812988281,0.0009471019100754298,0.2,9,1,0.1,"{'learning_rate': 0.2, 'max_depth': 9, 'min_child_weight': 1, 'subsample': 0.1}",0.122759988617689,0.25886215219688957,0.24369298916540472,0.21349442428044263,0.10067392707559975,0.18789669626720512,0.06427311734278951,283
268,3.195222043991089,0.6148164986785123,0.0031766414642333983,0.0007958092948815127,0.2,9,5,1,"{'learning_rate': 0.2, 'max_depth': 9, 'min_child_weight': 5, 'subsample': 1}",0.3191456377808721,0.3678397551257663,0.3511447408060532,0.37980416543966433,0.23460314708278596,0.3305074892470284,0.052108523344819385,213
269,3.0169123649597167,0.2929379517621805,0.0033762454986572266,0.0005982356494720427,0.2,9,5,0.7,"{'learning_rate': 0.2, 'max_depth': 9, 'min_child_weight': 5, 'subsample': 0.7}",0.19927675835058312,0.3630436996421397,0.39024927928267883,0.3722660307653731,0.27802420720221976,0.3205719950485989,0.0719081242339877,228
270,2.291567325592041,0.3769147130764728,0.0026393890380859374,0.0005204541737124387,0.2,9,5,0.4,"{'learning_rate': 0.2, 'max_depth': 9, 'min_child_weight': 5, 'subsample': 0.4}",0.2221785789272045,0.35931288824357244,0.3515361913875674,0.2937312181406051,0.16701212253752418,0.2787541998472947,0.07442892498169182,260
271,1.3284798622131349,0.11031163082833693,0.0030526161193847657,0.0008844268046258292,0.2,9,5,0.1,"{'learning_rate': 0.2, 'max_depth': 9, 'min_child_weight': 5, 'subsample': 0.1}",0.09656323704206027,0.24942847465318507,0.24326098015699482,0.18584176431740151,0.04909697346042019,0.16483828592601238,0.07975499835777856,285
272,3.1697527885437013,0.47495748207931965,0.003522825241088867,0.0007019601642879712,0.2,9,10,1,"{'learning_rate': 0.2, 'max_depth': 9, 'min_child_weight': 10, 'subsample': 1}",0.2727503860102489,0.4005371359498511,0.3890423205178377,0.38066317842529585,0.25444766166149413,0.3394881365129455,0.0625520443570669,201
273,2.835206413269043,0.2704698238055141,0.003168058395385742,0.0003644679919362616,0.2,9,10,0.7,"{'learning_rate': 0.2, 'max_depth': 9, 'min_child_weight': 10, 'subsample': 0.7}",0.24112673291652542,0.3693976463909606,0.3937993548655139,0.3383029082897907,0.2311610549597416,0.31475753948450647,0.06662942616352259,235
274,1.8417223930358886,0.09629428393653587,0.0031454086303710936,0.0006753587000787441,0.2,9,10,0.4,"{'learning_rate': 0.2, 'max_depth': 9, 'min_child_weight': 10, 'subsample': 0.4}",0.2097960358443789,0.3407419712940992,0.3551107071141484,0.3264342586807646,0.1880485185366796,0.28402629829401416,0.07041301288229883,256
275,1.0583452224731444,0.1193879997371617,0.003086566925048828,0.000610238619874857,0.2,9,10,0.1,"{'learning_rate': 0.2, 'max_depth': 9, 'min_child_weight': 10, 'subsample': 0.1}",0.15731036937324083,0.31960039940581286,0.21322266295219172,0.2824894722243536,0.13719077159893422,0.22196273511090664,0.07019857897287773,279
276,5.838032531738281,0.7704702785815379,0.002911090850830078,0.001047840926662368,0.2,11,1,1,"{'learning_rate': 0.2, 'max_depth': 11, 'min_child_weight': 1, 'subsample': 1}",0.2623535802257577,0.3881012435723158,0.36979066745509703,0.33567200636311467,0.2155548509626959,0.3142944697157962,0.06547004691652272,236
277,4.552602100372314,0.32461447909310015,0.0028937816619873046,0.0005167293690271933,0.2,11,1,0.7,"{'learning_rate': 0.2, 'max_depth': 11, 'min_child_weight': 1, 'subsample': 0.7}",0.2583879018814782,0.3697984217751118,0.3834314314535918,0.3478282076829742,0.2773049339505047,0.3273501793487321,0.05025262593663115,217
278,2.978133487701416,0.24360258119476857,0.002693319320678711,0.0005764150010260681,0.2,11,1,0.4,"{'learning_rate': 0.2, 'max_depth': 11, 'min_child_weight': 1, 'subsample': 0.4}",0.15120056240271884,0.3670990677329077,0.28168368928244736,0.3076166395641199,0.1664632744872181,0.25481264669388237,0.08325818941468847,271
279,1.6901976108551025,0.1203799135768494,0.0029974460601806642,0.00046278605908971557,0.2,11,1,0.1,"{'learning_rate': 0.2, 'max_depth': 11, 'min_child_weight': 1, 'subsample': 0.1}",0.05809508957231024,0.22211472146562383,0.20161729718044996,0.20986186537528828,0.07081322932914347,0.15250044058456316,0.07229677384351861,288
280,4.6768735408782955,1.33258246075386,0.00312347412109375,0.0008386522063354357,0.2,11,5,1,"{'learning_rate': 0.2, 'max_depth': 11, 'min_child_weight': 5, 'subsample': 1}",0.27424662867481775,0.3631445054634317,0.36386594977224695,0.32339687168429765,0.24287890278206048,0.3135065716753709,0.04822327281516337,237
281,3.5645143032073974,0.3452160639952526,0.0025034427642822267,0.0004947484455498621,0.2,11,5,0.7,"{'learning_rate': 0.2, 'max_depth': 11, 'min_child_weight': 5, 'subsample': 0.7}",0.2821808338386471,0.3445505121959028,0.4058968507003857,0.35715673519172964,0.20221017203138458,0.31839902079161,0.0702189957338061,231
282,2.707192325592041,0.17824747496546162,0.0028847694396972657,0.0008675156696761047,0.2,11,5,0.4,"{'learning_rate': 0.2, 'max_depth': 11, 'min_child_weight': 5, 'subsample': 0.4}",0.22243583952774348,0.33454082039069344,0.3602360606683348,0.2988445309266057,0.15660305638056204,0.2745320615787879,0.0750447724747167,263
283,1.4718658924102783,0.18806677000669736,0.002561140060424805,0.0005429258627978299,0.2,11,5,0.1,"{'learning_rate': 0.2, 'max_depth': 11, 'min_child_weight': 5, 'subsample': 0.1}",0.11076945524760873,0.24942847465318507,0.2012527177860871,0.1806697517462298,0.03349077877845952,0.15512223564231403,0.07541318731606163,287
284,3.7057823181152343,0.797267618472249,0.0024566650390625,0.0004448885319697342,0.2,11,10,1,"{'learning_rate': 0.2, 'max_depth': 11, 'min_child_weight': 10, 'subsample': 1}",0.2521736797808365,0.35148986564842566,0.4038845762019786,0.3728287047659644,0.22380166251586942,0.3208356977826149,0.07024264190027983,227
285,3.4221676349639893,0.6885131583896736,0.003055858612060547,0.0006396309601044495,0.2,11,10,0.7,"{'learning_rate': 0.2, 'max_depth': 11, 'min_child_weight': 10, 'subsample': 0.7}",0.24846371645174248,0.39524140505665617,0.40814765925280405,0.35993274964473976,0.1941279324485372,0.32118269257089593,0.08482938972529293,226
286,2.2669045448303224,0.24257832055615033,0.0023595333099365235,0.00037866189664669317,0.2,11,10,0.4,"{'learning_rate': 0.2, 'max_depth': 11, 'min_child_weight': 10, 'subsample': 0.4}",0.21305832292315496,0.3389301802328041,0.35360472264316944,0.34093630445243395,0.19060367725163618,0.28742664150063973,0.07042836100444694,255
287,0.8339627742767334,0.2323102418216151,0.0017509937286376953,0.0003701796653511886,0.2,11,10,0.1,"{'learning_rate': 0.2, 'max_depth': 11, 'min_child_weight': 10, 'subsample': 0.1}",0.15731036937324083,0.31960039940581286,0.21322266295219172,0.2824894722243536,0.13719077159893422,0.22196273511090664,0.07019857897287773,279
